,classname,name,x1,x2,y1,y2
1836,face_with_mask,6435.jpg,208,10,83,110
1835,face_with_mask,6434.jpg,413,202,337,453
1890,face_no_mask,6433.png,377,110,171,213
1892,face_no_mask,6433.png,114,131,137,165
1891,face_with_mask,6433.png,667,136,106,136
1834,face_with_mask,6432.jpg,371,85,69,89
1889,face_no_mask,6429.png,294,137,153,186
1888,face_with_mask,6427.png,223,138,320,378
1887,face_with_mask,6426.png,354,138,124,151
1886,face_no_mask,6423.png,333,491,21,23
1885,face_with_mask,6423.png,341,310,95,101
1884,face_with_mask,6420.png,354,224,170,218
1883,face_with_mask,6418.png,461,298,47,63
1882,face_with_mask,6416.png,244,467,71,93
1881,face_with_mask,6414.png,100,128,422,516
1880,face_with_mask,6413.png,16,424,31,35
1879,face_no_mask,6413.png,280,177,209,307
1878,face_no_mask,6412.png,215,130,205,264
1877,face_no_mask,6411.png,146,393,181,227
1876,face_with_mask,6410.png,202,73,103,129
1875,face_no_mask,6408.png,563,135,473,612
1874,face_with_mask,6407.png,533,243,48,54
1873,face_no_mask,6403.png,939,293,99,112
1872,face_no_mask,6401.png,77,38,32,39
1831,face_no_mask,6400.jpg,422,153,146,172
1832,face_no_mask,6400.jpg,879,426,143,176
1833,face_no_mask,6400.jpg,1288,307,160,191
1828,face_no_mask,6398.jpg,149,124,182,242
1829,face_with_mask,6398.jpg,554,173,188,226
1830,face_with_mask,6398.jpg,386,237,133,170
1827,face_with_mask,6397.jpg,115,24,220,284
1826,face_no_mask,6396.jpg,433,187,221,263
1825,face_no_mask,6395.jpeg,272,140,279,324
1824,face_no_mask,6394.jpg,153,55,45,60
1823,face_with_mask,6394.jpg,111,38,40,53
1821,face_with_mask,6393.jpg,455,205,193,276
1822,face_with_mask,6393.jpg,254,48,49,64
1818,face_no_mask,6392.jpg,326,75,138,190
1819,face_with_mask,6392.jpg,529,160,105,129
1820,face_with_mask,6392.jpg,37,247,66,80
1817,face_with_mask,6391.jpg,121,68,140,161
1816,face_with_mask,6389.jpg,766,430,605,730
1814,face_no_mask,6387.jpg,341,62,94,121
1815,face_with_mask,6387.jpg,393,336,24,34
1813,face_no_mask,6386.jpg,328,91,122,155
1812,face_with_mask,6385.jpg,252,60,97,135
1811,face_no_mask,6384.jpg,102,122,44,58
1810,face_with_mask,6384.jpg,446,223,94,127
1809,face_no_mask,6383.jpg,849,324,317,435
1808,face_with_mask,6382.jpg,351,144,115,141
1807,face_with_mask,6381.jpg,385,145,161,206
1806,face_no_mask,6380.jpg,189,164,90,125
1805,face_with_mask,6379.jpg,243,41,167,219
1802,face_with_mask,6378.jpg,404,81,49,58
1803,face_no_mask,6378.jpg,582,68,48,56
1804,face_no_mask,6378.jpg,96,68,75,92
1800,face_with_mask,6377.jpg,126,50,99,131
1801,face_with_mask,6377.jpg,473,124,88,114
1797,face_no_mask,6376.jpg,314,129,62,78
1798,face_no_mask,6376.jpg,519,143,51,65
1799,face_no_mask,6376.jpg,269,329,22,30
1793,face_with_mask,6375.jpg,597,90,132,175
1794,face_with_mask,6375.jpg,802,150,113,160
1795,face_no_mask,6375.jpg,241,139,153,190
1796,face_no_mask,6375.jpg,1018,212,57,74
1792,face_no_mask,6373.jpg,244,355,82,114
1791,face_with_mask,6373.jpg,381,371,90,125
1788,face_no_mask,6372.jpg,277,358,176,227
1789,face_with_mask,6372.jpg,120,351,144,201
1790,face_no_mask,6372.jpg,503,418,20,27
1785,face_no_mask,6371.jpg,270,71,31,41
1786,face_with_mask,6371.jpg,354,121,26,34
1787,face_no_mask,6371.jpg,105,67,23,25
1784,face_no_mask,6370.jpg,277,199,575,732
1783,face_no_mask,6369.jpg,318,445,42,57
1782,face_with_mask,6368.jpg,595,175,37,52
1781,face_with_mask,6368.jpg,183,142,73,100
1780,face_no_mask,6367.jpg,292,447,298,405
1779,face_with_mask,6366.jpg,593,76,273,368
1778,face_no_mask,6365.jpg,430,152,269,344
1768,face_with_mask,6364.jpg,392,418,180,228
1769,face_with_mask,6364.jpg,1111,650,152,184
1770,face_with_mask,6364.jpg,2697,541,159,208
1771,face_with_mask,6364.jpg,750,575,166,220
1772,face_no_mask,6364.jpg,1419,622,142,185
1773,face_no_mask,6364.jpg,3089,380,178,231
1774,face_no_mask,6364.jpg,1731,614,131,183
1775,face_no_mask,6364.jpg,2334,669,148,193
1776,face_no_mask,6364.jpg,1987,606,137,177
1777,face_with_mask,6364.jpg,2674,2130,128,167
1767,face_with_mask,6363.jpg,136,44,78,105
1766,face_with_mask,6363.jpg,453,48,82,110
1765,face_no_mask,6362.jpg,328,100,127,179
1764,face_no_mask,6361.jpg,315,109,94,126
1763,face_with_mask,6359.jpg,313,314,65,85
1759,face_no_mask,6358.jpg,496,145,170,217
1760,face_no_mask,6358.jpg,275,210,147,211
1761,face_no_mask,6358.jpg,732,148,156,166
1762,face_with_mask,6358.jpg,1081,59,49,64
1758,face_with_mask,6357.jpg,414,200,423,528
1757,face_no_mask,6356.jpeg,302,307,151,188
1752,face_no_mask,6355.jpg,855,160,124,170
1753,face_no_mask,6355.jpg,34,83,100,127
1754,face_with_mask,6355.jpg,368,265,69,91
1755,face_with_mask,6355.jpg,390,111,60,77
1756,face_no_mask,6355.jpg,556,124,102,135
1751,face_no_mask,6354.jpg,463,148,307,419
1749,face_no_mask,6353.jpg,858,418,556,708
1750,face_with_mask,6353.jpg,2645,690,477,582
1748,face_no_mask,6352.jpg,1081,646,754,868
1747,face_with_mask,6351.jpg,385,211,158,213
1746,face_with_mask,6350.jpg,384,34,103,123
1744,face_with_mask,6349.jpg,442,105,74,85
1743,face_with_mask,6349.jpg,241,70,57,71
1745,face_with_mask,6349.jpg,99,54,50,67
1742,face_with_mask,6348.jpg,299,217,115,156
1741,face_with_mask,6347.jpg,241,102,240,312
1740,face_with_mask,6346.jpg,1148,381,51,64
1739,face_with_mask,6346.jpg,599,13,126,169
1738,face_no_mask,6345.jpg,778,730,30,35
1737,face_no_mask,6345.jpg,775,80,103,138
1736,face_no_mask,6344.jpg,1068,139,147,204
1735,face_with_mask,6344.jpg,229,387,101,122
1734,face_with_mask,6344.jpg,786,314,82,108
1733,face_no_mask,6343.jpg,426,76,64,90
1732,face_no_mask,6343.jpg,79,130,61,89
1731,face_with_mask,6342.jpg,215,74,106,125
1730,face_with_mask,6342.jpg,433,130,80,93
1729,face_with_mask,6341.jpg,0,88,123,167
1728,face_with_mask,6341.jpg,1158,280,154,182
1726,face_no_mask,6341.jpg,133,139,180,246
1725,face_with_mask,6341.jpg,519,521,139,169
1724,face_with_mask,6341.jpg,898,144,133,178
1727,face_with_mask,6341.jpg,504,122,161,204
1723,face_with_mask,6340.jpg,383,135,72,101
1722,face_with_mask,6339.jpg,566,68,129,168
1721,face_no_mask,6338.jpg,133,169,84,109
1719,face_no_mask,6338.jpg,476,129,87,108
1718,face_no_mask,6338.jpg,679,205,69,93
1720,face_with_mask,6338.jpg,845,165,76,102
1717,face_with_mask,6337.jpg,1340,367,1125,1473
1716,face_with_mask,6335.jpg,216,62,81,98
1714,face_with_mask,6334.jpg,771,76,223,303
1715,face_no_mask,6334.jpg,395,94,201,270
1713,face_no_mask,6333.jpg,485,59,100,120
1711,face_no_mask,6332.jpg,310,103,229,299
1712,face_with_mask,6332.jpg,122,153,16,26
1710,face_no_mask,6331.jpg,420,78,116,152
1709,face_no_mask,6330.jpg,482,143,76,104
1708,face_no_mask,6329.jpg,537,73,315,394
1707,face_with_mask,6327.jpg,465,309,318,413
1706,face_with_mask,6326.jpg,960,621,525,740
1705,face_with_mask,6324.jpg,505,124,201,265
1704,face_no_mask,6323.jpg,362,178,180,242
1703,face_no_mask,6322.jpg,374,113,192,263
1702,face_with_mask,6321.jpg,398,236,108,148
1698,face_with_mask,6320.jpg,265,365,90,119
1699,face_with_mask,6320.jpg,465,254,131,161
1700,face_with_mask,6320.jpg,339,266,113,163
1701,face_with_mask,6320.jpg,866,126,71,99
1695,face_no_mask,6319.jpg,244,106,215,297
1696,face_no_mask,6319.jpg,140,447,43,69
1697,face_with_mask,6319.jpg,596,108,33,39
1692,face_with_mask,6318.jpg,424,211,142,176
1693,face_no_mask,6318.jpg,150,235,152,166
1694,face_no_mask,6318.jpg,704,114,148,184
1691,face_with_mask,6317.jpg,448,806,63,69
1690,face_no_mask,6317.jpg,376,260,59,70
1688,face_no_mask,6316.jpg,870,142,26,44
1687,face_no_mask,6316.jpg,378,112,37,50
1685,face_no_mask,6316.jpg,543,165,32,43
1686,face_with_mask,6316.jpg,103,117,26,34
1689,face_no_mask,6316.jpg,840,334,46,59
1684,face_with_mask,6315.jpg,503,264,39,61
1680,face_with_mask,6314.jpg,397,305,109,134
1681,face_with_mask,6314.jpg,705,263,111,142
1682,face_with_mask,6314.jpg,168,181,101,143
1683,face_no_mask,6314.jpg,516,253,125,155
1677,face_no_mask,6313.jpg,538,85,180,246
1678,face_with_mask,6313.jpg,273,134,129,177
1679,face_with_mask,6313.jpg,263,914,59,65
1676,face_with_mask,6312.jpg,235,248,242,324
1675,face_with_mask,6311.jpg,649,271,115,141
1672,face_no_mask,6310.jpg,665,340,39,47
1674,face_no_mask,6310.jpg,520,322,44,51
1669,face_no_mask,6310.jpg,592,321,36,41
1670,face_no_mask,6310.jpg,417,389,40,48
1671,face_with_mask,6310.jpg,728,288,41,49
1673,face_no_mask,6310.jpg,274,426,71,83
1667,face_no_mask,6309.jpg,175,68,84,107
1668,face_with_mask,6309.jpg,761,102,81,99
1666,face_with_mask,6308.jpg,320,167,62,80
1665,face_with_mask,6307.jpg,73,185,492,629
1664,face_no_mask,6306.jpg,75,147,532,657
1663,face_with_mask,6305.jpg,105,0,384,403
1662,face_no_mask,6304.jpg,643,356,319,420
1661,face_with_mask,6303.jpg,349,488,18,20
1660,face_with_mask,6303.jpg,286,215,74,117
1658,face_no_mask,6302.jpg,388,205,84,99
1659,face_no_mask,6302.jpg,20,523,85,104
1657,face_with_mask,6301.jpg,411,131,105,141
1655,face_no_mask,6300.jpg,301,217,183,249
1656,face_with_mask,6300.jpg,142,298,103,117
1653,face_with_mask,6299.jpg,259,109,45,60
1654,face_with_mask,6299.jpg,351,276,35,44
1651,face_with_mask,6298.jpg,149,185,114,140
1652,face_with_mask,6298.jpg,388,159,110,126
1649,face_no_mask,6297.jpg,89,114,43,53
1650,face_with_mask,6297.jpg,470,143,38,55
1648,face_with_mask,6296.jpg,341,169,146,187
1646,face_with_mask,6295.jpg,138,41,106,137
1647,face_with_mask,6295.jpg,226,144,104,139
1645,face_with_mask,6294.jpg,428,90,29,37
1644,face_with_mask,6294.jpg,507,97,29,37
1643,face_with_mask,6293.jpg,393,128,65,88
1641,face_no_mask,6292.jpg,2392,388,408,487
1642,face_no_mask,6292.jpg,934,389,448,556
1640,face_with_mask,6291.jpg,383,149,174,227
1639,face_with_mask,6291.jpg,139,86,157,214
1638,face_with_mask,6290.jpg,305,156,138,186
1637,face_no_mask,6289.jpg,244,214,38,42
1636,face_no_mask,6289(1).jpg,244,214,38,42
1630,face_with_mask,6288.jpg,891,155,48,62
1631,face_with_mask,6288.jpg,81,133,48,61
1633,face_with_mask,6288.jpg,173,131,41,51
1634,face_with_mask,6288.jpg,393,87,54,66
1629,face_no_mask,6288.jpg,619,132,55,68
1628,face_with_mask,6288.jpg,220,145,49,62
1635,face_with_mask,6288.jpg,307,134,32,43
1632,face_no_mask,6288.jpg,537,94,46,62
1627,face_no_mask,6287.jpg,446,189,36,50
1626,face_no_mask,6287.jpg,251,197,42,68
1625,face_with_mask,6286.jpg,99,131,91,115
1624,face_with_mask,6286.jpg,715,225,76,91
1623,face_with_mask,6286.jpg,418,369,99,131
1622,face_no_mask,6286.jpg,608,264,89,108
1621,face_no_mask,6286.jpg,404,180,80,100
1620,face_no_mask,6285.jpg,260,125,173,232
1619,face_with_mask,6284.jpg,176,289,29,36
1618,face_with_mask,6284.jpg,328,328,32,44
1617,face_with_mask,6284.jpg,263,153,36,52
1616,face_no_mask,6284.jpg,244,293,27,36
1615,face_with_mask,6284.jpg,188,222,33,42
1614,face_no_mask,6283.jpg,350,135,72,112
1613,face_with_mask,6282.jpg,631,420,41,60
1612,face_no_mask,6282.jpg,600,116,51,70
1611,face_no_mask,6282.jpg,246,285,47,60
1610,face_no_mask,6282.jpg,56,175,37,50
1609,face_no_mask,6282.jpg,505,189,43,56
1608,face_no_mask,6281.jpg,561,130,71,96
1607,face_with_mask,6280.jpg,235,322,194,245
1606,face_with_mask,6279.jpg,565,163,61,93
1602,face_no_mask,6278.jpg,538,168,52,71
1601,face_no_mask,6278.jpg,778,99,71,90
1603,face_no_mask,6278.jpg,69,74,86,126
1604,face_no_mask,6278.jpg,239,306,79,143
1605,face_no_mask,6278.jpg,304,71,61,103
1600,face_with_mask,6277.jpg,590,123,123,156
1599,face_no_mask,6276.jpg,212,157,434,536
1598,face_no_mask,6275.jpg,170,129,61,75
1597,face_with_mask,6274.jpg,614,63,100,122
1596,face_with_mask,6273.jpg,680,81,155,186
1595,face_no_mask,6272.jpg,206,318,236,313
1593,face_no_mask,6271.jpg,429,48,75,105
1594,face_with_mask,6271.jpg,289,217,63,71
1591,face_with_mask,6270.jpg,189,127,114,140
1592,face_no_mask,6270.jpg,395,422,77,97
1590,face_with_mask,6269.jpg,208,186,275,356
1589,face_with_mask,6268.jpg,203,275,241,328
1585,face_with_mask,6267.jpg,470,421,85,118
1586,face_with_mask,6267.jpg,660,221,64,81
1587,face_no_mask,6267.jpg,292,194,98,133
1588,face_no_mask,6267.jpg,949,640,13,19
1584,face_no_mask,6267.jpg,32,78,101,134
1583,face_with_mask,6266.jpg,53,293,53,65
1581,face_with_mask,6266.jpg,284,211,52,65
1582,face_no_mask,6266.jpg,127,272,51,63
1580,face_with_mask,6265.jpg,349,105,74,96
1579,face_with_mask,6264.jpg,321,64,290,348
1578,face_with_mask,6263.jpg,244,28,462,618
1577,face_with_mask,6262.jpg,674,161,99,130
1576,face_with_mask,6261.jpg,313,92,415,523
1575,face_with_mask,6260.jpg,279,4,156,212
1572,face_with_mask,6259.jpeg,168,130,235,300
1573,face_no_mask,6259.jpeg,691,490,207,252
1574,face_no_mask,6259.jpeg,660,108,194,253
1571,face_with_mask,6259.jpeg,436,191,185,238
1570,face_with_mask,6258.jpg,393,290,282,334
1569,face_with_mask,6258(1).jpg,393,290,282,334
1568,face_with_mask,6257.jpg,367,193,128,173
1567,face_with_mask,6257.jpg,146,241,132,171
1566,face_with_mask,6256.jpg,352,274,94,102
1564,face_with_mask,6256.jpg,138,188,137,173
1565,face_with_mask,6256.jpg,422,217,117,167
1563,face_with_mask,6255.jpg,416,198,308,380
1562,face_with_mask,6254.jpg,445,210,128,182
1560,face_with_mask,6253.jpg,381,207,136,174
1561,face_with_mask,6253.jpg,544,158,138,182
1557,face_with_mask,6252.jpg,285,294,42,51
1558,face_no_mask,6252.jpg,186,246,34,51
1559,face_no_mask,6252.jpg,469,179,34,54
1556,face_no_mask,6251.jpg,0,195,91,194
1555,face_with_mask,6251.jpg,227,314,392,455
1554,face_no_mask,6250.jpg,413,342,147,188
1553,face_with_mask,6249.jpg,208,86,109,139
1552,face_no_mask,6248.jpg,514,11,77,100
1551,face_no_mask,6248.jpg,42,147,56,72
1550,face_with_mask,6248.jpg,189,120,56,73
1549,face_no_mask,6248.jpg,309,50,80,97
1548,face_with_mask,6247.jpg,414,378,34,41
1547,face_no_mask,6247.jpg,495,485,48,60
1546,face_with_mask,6246.jpg,86,98,453,616
1545,face_with_mask,6245.jpg,603,562,90,117
1544,face_no_mask,6245.jpg,699,89,123,166
1543,face_no_mask,6244.jpg,216,71,194,266
1542,face_no_mask,6243.jpg,229,27,23,33
1540,face_with_mask,6242.jpg,70,43,158,196
1541,face_no_mask,6242.jpg,395,230,155,198
1539,face_with_mask,6241.jpg,251,243,26,38
1538,face_no_mask,6241.jpg,262,265,33,42
1537,face_no_mask,6241.jpg,308,190,31,46
1534,face_no_mask,6240.jpg,357,84,144,190
1535,face_no_mask,6240.jpg,150,225,156,206
1536,face_no_mask,6240.jpg,471,38,96,122
1533,face_with_mask,6239.jpg,173,302,28,28
1532,face_with_mask,6238.jpg,280,159,245,347
1529,face_no_mask,6237.jpg,586,214,128,154
1530,face_no_mask,6237.jpg,350,123,126,173
1531,face_with_mask,6237.jpg,941,461,70,92
1527,face_with_mask,6236.jpg,287,351,47,63
1528,face_with_mask,6236.jpg,74,156,41,44
1526,face_with_mask,6235.jpg,325,49,46,66
1525,face_no_mask,6234.jpg,616,109,346,391
1524,face_with_mask,6233.jpg,298,182,204,266
1520,face_with_mask,6232.jpg,174,119,60,79
1521,face_no_mask,6232.jpg,515,219,68,84
1522,face_with_mask,6232.jpg,313,280,63,81
1523,face_no_mask,6232.jpg,545,448,68,84
1519,face_with_mask,6232.jpg,299,152,58,76
1518,face_no_mask,6231.jpg,43,522,27,33
1516,face_with_mask,6231.jpg,164,247,308,414
1517,face_with_mask,6231.jpg,75,617,24,28
1515,face_with_mask,6230.jpeg,350,54,55,78
1514,face_with_mask,6230.jpeg,233,187,54,73
1513,face_with_mask,6229.jpg,409,162,322,379
1512,face_no_mask,6228.jpg,940,561,35,37
1503,face_no_mask,6228.jpg,715,260,63,75
1510,face_no_mask,6228.jpg,322,130,17,20
1509,face_no_mask,6228.jpg,24,254,20,23
1508,face_no_mask,6228.jpg,799,378,53,78
1507,face_no_mask,6228.jpg,284,109,19,23
1506,face_no_mask,6228.jpg,604,291,60,72
1505,face_with_mask,6228.jpg,313,246,68,90
1504,face_no_mask,6228.jpg,469,253,65,86
1502,face_no_mask,6228.jpg,133,171,74,98
1511,face_no_mask,6228.jpg,586,351,51,60
1501,face_with_mask,6227.jpg,52,88,186,246
1500,face_no_mask,6227.jpg,287,58,206,250
1499,face_with_mask,6226.jpg,433,162,53,64
1498,face_no_mask,6226.jpg,592,146,147,192
1497,face_no_mask,6225.jpg,176,170,151,168
1496,face_no_mask,6225.jpg,510,104,143,182
1495,face_with_mask,6224.jpg,529,101,144,174
1493,face_no_mask,6223.jpg,764,97,54,79
1492,face_with_mask,6223.jpg,427,155,63,58
1494,face_with_mask,6223.jpg,157,225,103,112
1491,face_no_mask,6221.jpg,638,210,83,104
1490,face_no_mask,6220.jpg,684,54,38,50
1488,face_no_mask,6220.jpg,766,66,62,78
1487,face_no_mask,6220.jpg,286,181,79,101
1489,face_no_mask,6220.jpg,555,257,54,66
1486,face_no_mask,6219.jpg,676,150,143,201
1485,face_no_mask,6218.jpg,200,359,287,366
1484,face_with_mask,6217.jpg,525,213,75,88
1483,face_with_mask,6217.jpg,428,0,103,104
1482,face_with_mask,6217.jpg,464,132,71,96
1480,face_with_mask,6217.jpg,98,124,101,136
1479,face_with_mask,6217.jpg,726,156,52,72
1478,face_no_mask,6217.jpg,574,162,59,79
1481,face_with_mask,6217.jpg,903,7,123,166
1477,face_with_mask,6216.jpg,192,141,24,38
1472,face_no_mask,6216.jpg,425,113,36,49
1473,face_with_mask,6216.jpg,125,101,44,58
1474,face_no_mask,6216.jpg,374,169,37,53
1475,face_with_mask,6216.jpg,264,156,44,58
1476,face_with_mask,6216.jpg,481,137,43,56
1471,face_with_mask,6215.jpg,659,195,99,114
1469,face_no_mask,6214.jpg,117,625,241,285
1470,face_no_mask,6214.jpg,290,278,283,335
1468,face_no_mask,6213.jpg,292,124,173,231
1467,face_no_mask,6212.jpg,296,251,306,445
1466,face_no_mask,6211.jpg,491,165,38,60
1465,face_with_mask,6211.jpg,427,136,83,107
1462,face_no_mask,6211.jpg,998,117,77,100
1463,face_with_mask,6211.jpg,1198,477,91,114
1464,face_with_mask,6211.jpg,1454,136,95,113
1461,face_with_mask,6210.jpg,476,371,573,810
1458,face_with_mask,6209.jpg,480,251,61,79
1459,face_with_mask,6209.jpg,305,32,26,38
1460,face_no_mask,6209.jpg,97,79,21,32
1457,face_no_mask,6209.jpg,169,72,71,94
1456,face_no_mask,6208.jpg,314,71,133,168
1455,face_with_mask,6207.jpg,1687,149,16,20
1454,face_no_mask,6207.jpg,1694,195,16,20
1452,face_no_mask,6207.jpg,1046,203,143,188
1453,face_no_mask,6207.jpg,1,0,33,36
1451,face_with_mask,6206.jpg,335,82,170,227
1450,face_with_mask,6205.jpg,261,97,310,394
1447,face_with_mask,6204.jpg,3142,573,226,267
1448,face_no_mask,6204.jpg,1897,844,192,232
1449,face_no_mask,6204.jpg,2290,1016,110,134
1446,face_with_mask,6203.jpg,471,338,282,410
1444,face_no_mask,6202.jpg,206,114,69,103
1445,face_no_mask,6202.jpg,516,55,88,117
1440,face_no_mask,6201.jpg,3361,1142,94,109
1441,face_no_mask,6201.jpg,3034,1057,228,259
1442,face_with_mask,6201.jpg,1674,1735,172,206
1443,face_with_mask,6201.jpg,2914,1175,65,69
1439,face_with_mask,6201.jpg,1863,1705,162,179
1438,face_no_mask,6201.jpg,1305,418,542,646
1435,face_with_mask,6200.jpg,678,83,104,137
1437,face_with_mask,6200.jpg,664,241,88,106
1436,face_with_mask,6200.jpg,411,146,134,168
1434,face_with_mask,6200.jpeg,82,46,461,524
1433,face_no_mask,6199.jpg,1044,245,302,383
1430,face_no_mask,6198.jpg,69,96,115,133
1431,face_no_mask,6198.jpg,535,65,110,140
1432,face_with_mask,6198.jpg,1090,52,110,125
1426,face_no_mask,6197.jpg,204,47,102,130
1427,face_no_mask,6197.jpg,378,90,74,86
1428,face_with_mask,6197.jpg,590,129,42,49
1429,face_with_mask,6197.jpg,511,104,45,67
1425,face_with_mask,6196.jpg,102,138,65,95
1424,face_with_mask,6196.jpg,378,59,79,108
1423,face_with_mask,6196.jpg,144,0,86,106
1421,face_no_mask,6195.jpg,619,245,27,42
1416,face_no_mask,6195.jpg,227,124,74,99
1417,face_with_mask,6195.jpg,0,155,46,69
1418,face_no_mask,6195.jpg,295,178,89,96
1419,face_no_mask,6195.jpg,444,175,77,105
1420,face_no_mask,6195.jpg,407,170,28,47
1422,face_no_mask,6195.jpg,604,245,22,39
1410,face_no_mask,6194.jpg,792,175,104,121
1411,face_no_mask,6194.jpg,661,205,106,140
1412,face_no_mask,6194.jpg,522,170,102,140
1413,face_with_mask,6194.jpg,952,275,23,30
1414,face_with_mask,6194.jpg,885,475,43,52
1415,face_with_mask,6194.jpg,50,404,36,44
1409,face_with_mask,6194.jpg,375,188,95,128
1408,face_no_mask,6193.jpg,801,238,250,341
1407,face_no_mask,6192.jpg,978,558,236,310
1405,face_no_mask,6191.jpg,397,92,146,212
1406,face_with_mask,6191.jpg,813,150,123,172
1404,face_no_mask,6190.jpg,434,81,146,203
1403,face_no_mask,6189.jpg,387,78,66,87
1402,face_no_mask,6188.jpg,324,107,82,114
1401,face_with_mask,6187.jpg,337,51,76,100
1400,face_with_mask,6186.jpg,1255,1594,405,472
1399,face_with_mask,6186.jpg,1375,368,389,478
1397,face_no_mask,6185.jpg,513,34,43,58
1398,face_no_mask,6185.jpg,296,148,35,42
1396,face_no_mask,6184.jpg,506,0,260,249
1394,face_no_mask,6183.jpg,1444,429,50,67
1393,face_with_mask,6183.jpg,807,421,23,29
1392,face_with_mask,6183.jpg,662,267,30,34
1391,face_with_mask,6183.jpg,775,565,29,39
1390,face_with_mask,6183.jpg,1232,431,25,30
1389,face_with_mask,6183.jpg,466,398,42,52
1388,face_with_mask,6183.jpg,1309,476,20,24
1387,face_with_mask,6183.jpg,947,117,98,112
1386,face_with_mask,6183.jpg,536,691,636,885
1395,face_with_mask,6183.jpg,1282,369,35,47
1385,face_no_mask,6182.jpg,710,326,107,147
1384,face_no_mask,6181.jpg,653,128,131,184
1383,face_no_mask,6181.jpg,299,107,120,168
1382,face_no_mask,6180.jpg,373,39,65,88
1380,face_no_mask,6179.jpg,451,86,38,50
1381,face_no_mask,6179.jpg,283,114,32,46
1379,face_no_mask,6178.jpg,110,320,356,486
1377,face_no_mask,6177.jpg,95,50,53,78
1378,face_with_mask,6177.jpg,592,45,53,75
1375,face_no_mask,6176.jpg,549,193,113,145
1376,face_no_mask,6176.jpg,323,148,146,181
1367,face_no_mask,6175.jpg,329,146,37,48
1366,face_with_mask,6175.jpg,227,136,41,53
1364,face_with_mask,6175.jpg,416,187,37,48
1363,face_with_mask,6175.jpg,612,179,34,46
1368,face_with_mask,6175.jpg,676,177,36,46
1369,face_no_mask,6175.jpg,648,133,33,43
1371,face_with_mask,6175.jpg,128,119,47,55
1372,face_with_mask,6175.jpg,520,146,35,46
1373,face_with_mask,6175.jpg,35,113,45,58
1374,face_no_mask,6175.jpg,260,120,40,52
1365,face_with_mask,6175.jpg,379,111,34,45
1370,face_no_mask,6175.jpg,764,133,39,49
1362,face_with_mask,6174.jpg,324,0,294,359
1361,face_no_mask,6173.jpg,260,12,299,383
1359,face_no_mask,6172.jpg,303,91,114,160
1360,face_no_mask,6172.jpg,581,33,135,205
1358,face_with_mask,6171.jpg,297,104,156,207
1357,face_with_mask,6170.jpg,423,155,311,440
1356,face_no_mask,6169.jpg,324,182,105,138
1355,face_no_mask,6168.jpg,983,168,255,338
1353,face_with_mask,6167.jpg,475,134,80,99
1354,face_with_mask,6167.jpg,498,380,30,40
1871,face_no_mask,6166.png,316,153,301,376
1352,face_with_mask,6166.jpg,406,138,365,434
1349,face_with_mask,6165.jpg,456,846,177,223
1350,face_no_mask,6165.jpg,860,1143,32,41
1351,face_no_mask,6165.jpg,1931,442,70,86
1348,face_with_mask,6165.jpg,554,350,156,205
1345,face_with_mask,6164.jpg,1014,132,163,228
1346,face_no_mask,6164.jpg,121,55,187,231
1344,face_with_mask,6164.jpg,536,73,203,265
1347,face_with_mask,6164.jpg,192,534,159,240
1340,face_with_mask,6164(1).jpg,536,73,203,265
1341,face_with_mask,6164(1).jpg,1014,132,163,228
1342,face_no_mask,6164(1).jpg,121,55,187,231
1343,face_with_mask,6164(1).jpg,192,534,159,240
1338,face_with_mask,6163.jpg,448,53,196,265
1339,face_no_mask,6163.jpg,122,152,47,72
1337,face_with_mask,6162.jpg,190,31,90,116
1334,face_no_mask,6161.jpg,397,326,134,174
1336,face_with_mask,6161.jpg,162,120,149,216
1335,face_no_mask,6161.jpg,715,206,144,223
1333,face_with_mask,6160.jpg,412,8,355,499
1332,face_no_mask,6159.jpg,415,62,123,158
1331,face_no_mask,6158.jpg,624,497,455,623
1330,face_no_mask,6157.jpg,706,250,221,284
1329,face_with_mask,6156.jpg,462,270,162,206
1327,face_with_mask,6155.jpg,844,938,989,1342
1328,face_with_mask,6155.jpg,1903,1389,197,272
1324,face_with_mask,6154.jpg,122,140,35,41
1325,face_with_mask,6154.jpg,70,106,33,43
1326,face_with_mask,6154.jpg,190,94,37,48
1323,face_with_mask,6153.jpg,632,104,383,528
1322,face_with_mask,6152.jpg,350,75,282,367
1321,face_with_mask,6151.jpg,280,307,119,129
1319,face_no_mask,6150.jpg,254,176,37,45
1320,face_no_mask,6150.jpg,464,189,36,60
1317,face_no_mask,6150.jpg,37,135,42,54
1315,face_with_mask,6150.jpg,146,194,31,39
1316,face_no_mask,6150.jpg,180,344,40,51
1314,face_no_mask,6150.jpg,290,332,40,52
1318,face_no_mask,6150.jpg,349,215,35,43
1313,face_with_mask,6149.jpg,426,114,247,314
1311,face_no_mask,6148.jpg,370,220,604,805
1312,face_no_mask,6148.jpg,1290,1334,24,27
1309,face_no_mask,6147.jpg,297,250,155,223
1310,face_no_mask,6147.jpg,987,94,143,202
1308,face_no_mask,6146.jpg,263,138,120,175
1307,face_no_mask,6145.jpg,271,109,73,96
1306,face_no_mask,6144.jpg,396,112,206,257
1305,face_with_mask,6143.jpg,503,1723,642,643
1304,face_no_mask,6143.jpg,206,491,1283,1670
1302,face_no_mask,6142.jpg,346,205,115,159
1303,face_with_mask,6142.jpg,709,173,139,174
1300,face_no_mask,6141.jpg,380,256,149,205
1301,face_with_mask,6141.jpg,196,368,112,143
1299,face_no_mask,6139.jpg,287,108,66,89
1296,face_no_mask,6138.jpg,988,258,176,247
1297,face_with_mask,6138.jpg,3018,560,43,57
1298,face_with_mask,6138.jpg,2961,556,56,72
1870,face_no_mask,6137.png,209,80,208,270
1295,face_with_mask,6137.jpg,568,174,35,47
1294,face_with_mask,6136.jpg,258,60,260,316
1292,face_no_mask,6135.jpg,539,119,46,56
1291,face_no_mask,6135.jpg,234,103,46,63
1293,face_no_mask,6135.jpg,719,359,17,20
1290,face_no_mask,6134.jpg,502,49,113,164
1289,face_no_mask,6133.jpg,461,138,38,53
1288,face_with_mask,6133.jpg,341,109,52,65
1287,face_with_mask,6132.jpg,260,135,61,82
1286,face_with_mask,6131.jpg,280,0,545,654
1285,face_with_mask,6130.jpg,1183,114,362,541
1284,face_with_mask,6129.jpg,646,72,134,185
1283,face_with_mask,6128.jpg,738,332,55,83
1281,face_no_mask,6128.jpg,10,198,85,109
1282,face_with_mask,6128.jpg,359,146,86,114
1280,face_no_mask,6127.jpg,422,126,157,214
1278,face_with_mask,6126.jpg,415,137,175,248
1279,face_no_mask,6126.jpg,650,62,197,268
1277,face_with_mask,6125.jpg,232,224,400,517
1276,face_no_mask,6124.jpg,468,181,80,109
1275,face_no_mask,6123.jpg,241,91,176,253
1274,face_with_mask,6123.jpg,790,117,218,278
1273,face_no_mask,6122.jpg,460,0,825,998
1272,face_no_mask,6121.jpg,751,124,232,308
1271,face_with_mask,6120.jpg,232,87,91,115
1270,face_no_mask,6119.jpg,644,500,1471,1822
1267,face_with_mask,6118.jpg,116,56,39,52
1268,face_no_mask,6118.jpg,200,141,60,65
1266,face_with_mask,6118.jpg,496,58,39,47
1269,face_with_mask,6118.jpg,149,57,27,34
1265,face_with_mask,6117.jpg,815,238,217,274
1264,face_with_mask,6117.jpg,120,235,224,276
1263,face_with_mask,6117.jpg,460,81,266,352
1262,face_with_mask,6116.jpg,1155,302,67,133
1258,face_with_mask,6116.jpg,429,334,90,111
1257,face_with_mask,6116.jpg,173,302,89,111
1259,face_with_mask,6116.jpg,647,265,109,155
1260,face_with_mask,6116.jpg,886,326,57,108
1261,face_with_mask,6116.jpg,1289,0,88,94
1256,face_no_mask,6115.jpg,348,75,147,195
1254,face_with_mask,6114.jpg,341,88,81,103
1255,face_no_mask,6114.jpg,576,69,77,99
1249,face_with_mask,6113.jpg,118,60,93,112
1250,face_no_mask,6113.jpg,495,76,86,109
1251,face_with_mask,6113.jpg,297,68,102,130
1252,face_with_mask,6113.jpg,657,39,106,140
1253,face_with_mask,6113.jpg,895,55,106,152
1247,face_no_mask,6112.jpg,370,155,148,211
1246,face_with_mask,6112.jpg,628,43,114,148
1248,face_no_mask,6112.jpg,87,52,127,173
1245,face_with_mask,6111.jpg,523,246,351,476
1243,face_with_mask,6110.jpg,142,114,79,110
1244,face_with_mask,6110.jpg,627,133,65,122
1240,face_no_mask,6109.jpg,191,104,65,99
1241,face_no_mask,6109.jpg,510,185,44,66
1242,face_with_mask,6109.jpg,471,57,108,127
1869,face_with_mask,6108.png,431,90,133,166
1236,face_with_mask,6108.jpg,690,380,182,229
1237,face_with_mask,6108.jpg,623,221,137,188
1239,face_no_mask,6108.jpg,140,123,208,243
1238,face_with_mask,6108.jpg,428,182,146,181
1868,face_no_mask,6107.png,695,111,142,182
1867,face_no_mask,6107.png,1029,123,141,178
1866,face_with_mask,6107.png,301,203,127,158
1235,face_with_mask,6107.jpg,210,113,106,125
1234,face_no_mask,6106.jpg,773,74,185,242
1233,face_no_mask,6105.jpg,343,39,67,82
1226,face_no_mask,6104.jpg,13,141,34,42
1227,face_no_mask,6104.jpg,639,168,40,53
1228,face_no_mask,6104.jpg,205,118,34,42
1229,face_with_mask,6104.jpg,567,139,32,42
1230,face_with_mask,6104.jpg,112,147,29,35
1231,face_no_mask,6104.jpg,486,101,38,47
1232,face_with_mask,6104.jpg,520,244,48,57
1225,face_no_mask,6104.jpg,339,145,35,48
1224,face_with_mask,6103.jpg,126,52,62,84
1223,face_no_mask,6102.jpg,28,110,41,60
1222,face_with_mask,6102.jpg,351,132,34,45
1221,face_with_mask,6102.jpg,582,83,55,67
1220,face_no_mask,6102.jpg,285,97,62,83
1218,face_with_mask,6102.jpg,437,176,53,64
1217,face_with_mask,6102.jpg,182,86,100,135
1216,face_no_mask,6102.jpg,557,137,89,112
1219,face_no_mask,6102.jpg,66,122,57,77
1864,face_no_mask,6101.png,62,70,178,217
1865,face_with_mask,6101.png,685,130,167,217
1215,face_no_mask,6101.jpg,286,197,90,115
1214,face_with_mask,6101.jpg,202,272,121,187
1213,face_no_mask,6101.jpg,1244,167,186,223
1212,face_no_mask,6101.jpg,624,80,183,243
1863,face_with_mask,6100.png,682,100,30,37
1862,face_with_mask,6100.png,450,142,254,330
1207,face_with_mask,6100.jpg,2413,1225,193,220
1208,face_no_mask,6100.jpg,2378,657,163,217
1202,face_no_mask,6100.jpg,393,1196,203,232
1203,face_no_mask,6100.jpg,1095,1107,176,220
1204,face_no_mask,6100.jpg,1796,1099,167,217
1205,face_no_mask,6100.jpg,1207,756,140,196
1206,face_with_mask,6100.jpg,1955,546,176,210
1210,face_no_mask,6100.jpg,1530,791,132,174
1209,face_with_mask,6100.jpg,632,696,156,209
1211,face_no_mask,6100.jpg,1960,1599,30,36
1201,face_with_mask,6099.jpg,424,133,46,66
1200,face_no_mask,6099.jpg,573,86,84,123
1199,face_with_mask,6098.jpg,404,157,327,474
1198,face_no_mask,6097.jpg,565,207,36,46
1197,face_with_mask,6097.jpg,254,44,140,199
1196,face_with_mask,6096.jpg,289,82,168,226
1195,face_no_mask,6095.jpg,235,32,65,87
1194,face_no_mask,6094.jpg,474,1177,2394,3079
1193,face_no_mask,6093.jpg,400,77,342,478
1192,face_no_mask,6092.jpg,205,85,251,333
1190,face_no_mask,6091.jpeg,2727,3805,128,140
1191,face_with_mask,6091.jpeg,3538,1603,23,26
1189,face_with_mask,6091.jpeg,1647,772,1494,2121
1188,face_with_mask,6090.jpg,716,1041,118,147
1186,face_no_mask,6090.jpg,1052,977,117,147
1187,face_with_mask,6090.jpg,796,200,167,199
1183,face_no_mask,6088.jpg,1066,750,182,231
1182,face_no_mask,6088.jpg,1026,1147,384,453
1184,face_no_mask,6088.jpg,624,981,267,339
1185,face_no_mask,6088.jpg,264,642,426,505
1860,face_no_mask,6087.png,278,64,153,206
1861,face_no_mask,6087.png,161,177,40,46
1181,face_with_mask,6086.jpg,480,266,570,808
1180,face_with_mask,6085.jpg,190,101,149,193
1179,face_no_mask,6085.jpg,306,76,182,237
1178,face_no_mask,6084.jpg,363,71,97,133
1177,face_no_mask,6083.jpg,310,92,169,233
1176,face_no_mask,6082.jpg,145,70,123,154
1175,face_no_mask,6081.jpg,339,38,101,131
1172,face_with_mask,6080.jpg,250,150,89,113
1174,face_no_mask,6080.jpg,710,123,94,122
1173,face_no_mask,6080.jpg,490,94,95,124
1171,face_no_mask,6079.jpg,346,37,180,228
1170,face_no_mask,6078.jpg,244,160,107,133
1169,face_with_mask,6077.jpg,1219,384,107,160
1168,face_with_mask,6077.jpg,1024,750,38,52
1167,face_no_mask,6077.jpg,207,446,123,172
1166,face_no_mask,6077.jpg,405,584,69,89
1165,face_no_mask,6077.jpg,749,274,160,248
1164,face_no_mask,6076.jpg,628,133,211,274
1163,face_with_mask,6075.jpg,269,102,143,184
1162,face_no_mask,6074.jpg,197,158,56,74
1161,face_with_mask,6074.jpg,326,134,81,101
1160,face_no_mask,6074.jpg,42,183,52,67
1155,face_no_mask,6073.jpg,292,307,253,312
1159,face_with_mask,6073.jpg,1520,1066,223,264
1158,face_no_mask,6073.jpg,851,496,213,290
1157,face_no_mask,6073.jpg,1691,312,346,416
1156,face_no_mask,6073.jpg,762,276,178,223
1154,face_no_mask,6072.jpg,1188,206,562,750
1153,face_no_mask,6071.jpg,608,132,113,183
1152,face_no_mask,6070.jpg,302,42,85,114
1151,face_no_mask,6069.jpg,274,99,319,394
1150,face_no_mask,6068.jpg,297,75,44,73
1149,face_no_mask,6068.jpg,550,68,35,46
1148,face_with_mask,6068.jpg,441,169,28,35
1147,face_with_mask,6068.jpg,573,83,49,59
1146,face_no_mask,6068.jpg,359,132,41,52
1145,face_with_mask,6068.jpg,535,168,35,52
1144,face_with_mask,6068.jpg,645,135,39,54
1143,face_no_mask,6068.jpg,0,77,39,49
1142,face_no_mask,6068.jpg,186,122,35,44
1141,face_with_mask,6068.jpg,141,113,41,50
1137,face_with_mask,6067.jpg,470,39,52,65
1138,face_with_mask,6067.jpg,248,97,46,60
1136,face_with_mask,6067.jpg,356,73,52,65
1139,face_with_mask,6067.jpg,125,45,52,61
1140,face_with_mask,6067.jpg,318,157,20,23
1135,face_with_mask,6066.jpg,16,109,86,127
1134,face_with_mask,6066.jpg,387,92,98,125
1133,face_with_mask,6066.jpg,269,106,76,98
1132,face_with_mask,6066.jpg,162,61,72,90
1131,face_no_mask,6065.jpg,391,24,29,42
1130,face_no_mask,6064.jpg,895,184,65,90
1129,face_no_mask,6064.jpg,386,55,86,120
1128,face_no_mask,6062.jpg,1672,235,221,290
1127,face_no_mask,6062.jpg,623,90,426,580
1126,face_with_mask,6062.jpg,0,183,211,272
1125,face_no_mask,6061.jpg,295,86,228,310
1123,face_no_mask,6060.jpg,464,110,148,169
1122,face_with_mask,6060.jpg,145,317,86,100
1121,face_no_mask,6060.jpg,46,153,117,157
1124,face_no_mask,6060.jpg,320,264,129,152
1119,face_no_mask,6059.jpg,442,173,140,179
1118,face_with_mask,6059.jpg,796,147,139,194
1120,face_no_mask,6059.jpg,32,299,136,168
1117,face_with_mask,6058.jpg,571,1402,23,30
1116,face_with_mask,6058.jpg,334,172,518,696
1115,face_no_mask,6057.jpg,353,188,85,104
1114,face_no_mask,6057.jpg,321,268,78,99
1113,face_with_mask,6056.jpg,330,69,177,228
1112,face_no_mask,6055.jpg,934,638,105,128
1111,face_with_mask,6055.jpg,508,167,97,150
1110,face_with_mask,6055.jpg,817,192,118,153
1109,face_no_mask,6053.jpg,204,48,132,180
1108,face_no_mask,6053.jpg,360,173,118,167
1107,face_no_mask,6052.jpg,158,58,66,93
1106,face_with_mask,6052.jpg,269,105,58,77
1103,face_with_mask,6051.jpg,206,67,46,68
1102,face_no_mask,6051.jpg,85,84,52,74
1100,face_with_mask,6051.jpg,359,59,49,67
1101,face_with_mask,6051.jpg,280,99,40,56
1104,face_no_mask,6051.jpg,460,47,52,72
1105,face_with_mask,6051.jpg,334,119,23,28
1099,face_with_mask,6049.jpg,136,213,124,177
1098,face_with_mask,6049.jpg,1036,30,74,98
1097,face_no_mask,6049.jpg,266,225,81,104
1096,face_no_mask,6048.jpg,625,94,206,271
1095,face_with_mask,6047.jpg,650,77,138,183
1094,face_with_mask,6046.jpg,795,131,124,158
1093,face_with_mask,6046.jpg,322,170,110,165
1092,face_with_mask,6044.jpg,417,225,104,107
1091,face_with_mask,6044.jpg,639,48,202,239
1090,face_with_mask,6043.jpg,458,327,405,537
1089,face_no_mask,6042.jpg,570,285,118,156
1084,face_with_mask,6041.jpg,179,40,70,88
1087,face_no_mask,6041.jpg,78,123,79,116
1086,face_no_mask,6041.jpg,744,112,79,101
1085,face_no_mask,6041.jpg,470,93,82,106
1088,face_no_mask,6041.jpg,354,110,34,45
1083,face_no_mask,6040.jpg,483,327,48,56
1082,face_with_mask,6040.jpg,458,45,78,90
1081,face_no_mask,6039.jpg,281,77,115,152
1080,face_with_mask,6038.jpg,353,380,43,50
1079,face_with_mask,6038.jpg,481,26,43,57
1078,face_no_mask,6037.jpg,432,62,90,119
1077,face_no_mask,6036.jpg,332,146,83,106
1076,face_no_mask,6036.jpg,661,126,83,104
1075,face_with_mask,6035.jpg,575,107,110,150
1074,face_with_mask,6034.jpg,223,226,128,167
1071,face_no_mask,6033.jpg,702,290,214,257
1072,face_no_mask,6033.jpg,217,142,180,234
1073,face_no_mask,6033.jpg,445,270,147,192
1070,face_no_mask,6032.jpg,190,3,316,429
1069,face_with_mask,6031.jpg,279,84,13,22
1068,face_no_mask,6031.jpg,617,172,13,20
1067,face_no_mask,6031.jpg,197,78,57,74
1066,face_no_mask,6031.jpg,336,116,48,56
1065,face_no_mask,6030.jpg,312,209,24,32
1064,face_with_mask,6030.jpg,304,135,43,52
1063,face_with_mask,6029.jpg,243,165,76,106
1062,face_no_mask,6028.jpg,602,322,42,51
1061,face_no_mask,6028.jpg,682,375,40,49
1060,face_with_mask,6027.jpg,322,102,118,155
1059,face_no_mask,6026.jpg,513,178,256,374
1058,face_no_mask,6024.jpg,675,266,643,869
1057,face_with_mask,6023.jpg,367,50,198,252
1056,face_no_mask,6022.jpg,351,31,179,228
1054,face_with_mask,6021.jpg,228,118,68,93
1055,face_with_mask,6021.jpg,323,161,57,75
1053,face_no_mask,6020.jpeg,220,85,270,362
1859,face_no_mask,6019.png,779,205,314,420
1052,face_with_mask,6018.jpg,577,639,30,38
1051,face_no_mask,6018.jpg,365,507,14,18
1050,face_with_mask,6018.jpg,382,482,18,23
1049,face_with_mask,6018.jpg,537,615,31,45
1048,face_with_mask,6018.jpg,202,275,32,52
1047,face_with_mask,6018.jpg,593,613,37,45
1046,face_with_mask,6018.jpg,342,502,18,25
1045,face_no_mask,6018.jpg,327,269,38,40
1044,face_with_mask,6018.jpg,465,233,42,51
1043,face_no_mask,6017.jpg,391,61,177,237
1042,face_no_mask,6016.jpg,434,59,261,338
1039,face_no_mask,6015.jpg,370,176,38,46
1037,face_with_mask,6015.jpg,285,200,43,52
1038,face_with_mask,6015.jpg,584,132,45,54
1041,face_with_mask,6015.jpg,91,190,45,56
1040,face_no_mask,6015.jpg,475,164,31,45
1036,face_with_mask,6014.jpg,427,185,89,133
1035,face_with_mask,6014.jpg,172,49,91,96
1034,face_with_mask,6013.jpg,233,85,22,32
1033,face_with_mask,6013.jpg,204,269,40,47
1032,face_no_mask,6013.jpg,236,13,25,31
1031,face_no_mask,6013.jpg,100,26,29,39
1030,face_with_mask,6013.jpg,152,20,23,31
1029,face_with_mask,6013.jpg,320,143,42,54
1028,face_with_mask,6012.jpg,192,107,47,55
1027,face_with_mask,6012.jpg,494,91,79,102
1026,face_no_mask,6011.jpg,594,143,34,41
1025,face_no_mask,6011.jpg,327,105,35,47
1024,face_with_mask,6011.jpg,602,92,31,38
1023,face_no_mask,6011.jpg,414,130,35,47
1022,face_no_mask,6011.jpg,15,106,33,39
1021,face_no_mask,6011.jpg,185,119,34,42
1020,face_no_mask,6011.jpg,257,134,34,43
1019,face_no_mask,6011.jpg,105,103,29,39
1016,face_no_mask,6010.jpg,311,173,44,54
1014,face_no_mask,6010.jpg,515,138,37,47
1015,face_no_mask,6010.jpg,275,139,34,44
1018,face_no_mask,6010.jpg,407,143,36,45
1017,face_no_mask,6010.jpg,180,166,41,52
1013,face_no_mask,6009.jpg,532,183,26,32
1012,face_no_mask,6009.jpg,792,78,33,42
1011,face_no_mask,6009.jpg,309,120,37,45
1010,face_with_mask,6008.jpg,394,213,287,421
1007,face_with_mask,6007.jpg,532,170,65,88
1006,face_no_mask,6007.jpg,786,248,73,90
1005,face_no_mask,6007.jpg,358,116,83,110
1008,face_with_mask,6007.jpg,41,205,65,108
1009,face_no_mask,6007.jpg,611,236,58,94
1002,face_no_mask,6006.jpg,316,186,93,101
1003,face_no_mask,6006.jpg,65,223,136,140
1004,face_with_mask,6006.jpg,461,221,40,59
1001,face_with_mask,6006.jpg,579,158,94,126
999,face_no_mask,6005.jpg,1689,302,313,393
1000,face_no_mask,6005.jpg,521,117,323,429
998,face_with_mask,6004.jpg,553,214,33,45
997,face_with_mask,6003.jpg,654,424,71,92
996,face_with_mask,6003.jpg,245,313,80,92
995,face_with_mask,6002.jpg,517,79,264,333
994,face_with_mask,6001.jpg,658,98,36,62
993,face_no_mask,6001.jpg,572,106,32,53
976,face_with_mask,6000.jpg,679,470,62,85
984,face_with_mask,6000.jpg,352,336,45,65
978,face_with_mask,6000.jpg,572,467,63,87
979,face_with_mask,6000.jpg,443,325,46,57
980,face_with_mask,6000.jpg,897,305,54,63
981,face_with_mask,6000.jpg,366,568,55,73
982,face_with_mask,6000.jpg,806,322,48,60
983,face_with_mask,6000.jpg,246,364,47,63
977,face_with_mask,6000.jpg,752,331,53,65
985,face_with_mask,6000.jpg,525,283,50,68
987,face_with_mask,6000.jpg,110,440,79,100
988,face_with_mask,6000.jpg,652,329,54,67
989,face_with_mask,6000.jpg,569,383,46,64
990,face_with_mask,6000.jpg,246,466,67,86
991,face_with_mask,6000.jpg,88,400,40,45
986,face_with_mask,6000.jpg,140,343,54,71
992,face_with_mask,6000.jpg,403,354,47,58
973,face_with_mask,5999.jpg,106,0,190,206
971,face_with_mask,5999.jpg,481,147,160,208
972,face_with_mask,5999.jpg,244,112,153,201
970,face_with_mask,5999.jpg,770,350,169,217
974,face_with_mask,5999.jpg,371,304,162,197
975,face_no_mask,5999.jpg,339,546,170,175
969,face_no_mask,5998.jpg,266,60,77,95
968,face_with_mask,5998.jpg,127,124,67,90
967,face_no_mask,5997.jpg,329,338,281,318
966,face_no_mask,5996.jpg,288,34,68,93
965,face_with_mask,5995.jpg,529,446,169,201
964,face_no_mask,5995.jpg,435,104,50,60
963,face_with_mask,5994.jpg,261,79,189,247
962,face_no_mask,5993.jpg,169,226,49,68
961,face_with_mask,5993.jpg,560,65,54,70
960,face_no_mask,5993.jpg,386,146,53,64
959,face_no_mask,5992.jpg,336,400,39,51
958,face_no_mask,5991.jpg,443,205,44,69
957,face_with_mask,5991.jpg,302,52,38,52
956,face_no_mask,5990.jpg,195,135,309,415
950,face_with_mask,5989.jpg,258,180,67,90
952,face_with_mask,5989.jpg,439,60,69,97
949,face_with_mask,5989.jpg,883,190,85,111
951,face_no_mask,5989.jpg,366,100,51,68
948,face_no_mask,5989.jpg,775,53,70,94
953,face_with_mask,5989.jpg,149,154,55,70
954,face_with_mask,5989.jpg,549,267,125,173
955,face_with_mask,5989.jpg,612,167,58,73
947,face_no_mask,5987.jpg,191,372,345,388
946,face_no_mask,5986.jpg,440,267,137,184
943,face_with_mask,5985.jpg,750,276,62,80
936,face_no_mask,5985.jpg,863,211,55,70
944,face_no_mask,5985.jpg,354,264,49,62
942,face_no_mask,5985.jpg,685,247,52,62
941,face_no_mask,5985.jpg,146,205,45,61
940,face_no_mask,5985.jpg,529,214,61,76
939,face_no_mask,5985.jpg,469,243,43,52
938,face_with_mask,5985.jpg,217,279,50,59
937,face_no_mask,5985.jpg,317,224,43,55
935,face_no_mask,5985.jpg,68,272,51,63
945,face_with_mask,5985.jpg,841,277,13,16
934,face_with_mask,5984.jpg,295,98,27,34
933,face_no_mask,5984.jpg,371,131,41,50
932,face_no_mask,5984.jpg,139,123,48,59
931,face_no_mask,5984.jpg,267,26,53,69
930,face_no_mask,5983.jpg,709,1227,45,53
929,face_with_mask,5983.jpg,1076,514,709,954
928,face_no_mask,5982.jpg,514,198,129,170
927,face_with_mask,5981.jpg,464,197,174,225
924,face_with_mask,5980.jpg,548,52,31,38
923,face_no_mask,5980.jpg,230,118,34,46
925,face_with_mask,5980.jpg,402,139,34,44
926,face_with_mask,5980.jpg,104,93,33,45
922,face_with_mask,5979.jpg,98,584,35,42
921,face_no_mask,5979.jpg,208,70,121,167
920,face_with_mask,5979.jpg,390,208,116,158
919,face_with_mask,5978.jpg,196,97,229,282
918,face_no_mask,5977.jpg,727,478,66,76
917,face_no_mask,5977.jpg,600,119,121,155
916,face_no_mask,5976.jpg,534,94,77,96
915,face_no_mask,5975.jpg,312,80,43,53
914,face_with_mask,5975.jpg,151,376,81,84
913,face_with_mask,5975.jpg,95,437,47,59
912,face_with_mask,5974.jpg,319,125,60,74
910,face_no_mask,5973.jpg,42,423,67,78
911,face_no_mask,5973.jpg,430,349,66,81
909,face_with_mask,5972.jpg,78,106,51,81
908,face_with_mask,5971.jpg,296,61,55,71
907,face_no_mask,5970.jpg,43,175,49,92
906,face_no_mask,5970(1).jpg,43,175,49,92
905,face_with_mask,5969.jpg,292,40,86,108
904,face_no_mask,5968.jpg,400,362,50,61
903,face_no_mask,5967.jpg,48,323,48,60
902,face_no_mask,5966.jpg,1,275,56,75
901,face_with_mask,5965.jpg,168,176,80,103
900,face_with_mask,5963.jpg,672,11,60,73
899,face_no_mask,5963.jpg,302,122,53,64
898,face_no_mask,5963.jpg,291,282,73,95
897,face_with_mask,5963.jpg,0,389,61,102
896,face_no_mask,5963.jpg,565,203,79,98
895,face_with_mask,5962.jpg,517,431,40,63
893,face_with_mask,5961.jpg,124,408,165,173
894,face_with_mask,5961.jpg,431,916,97,92
890,face_no_mask,5960.jpg,377,303,54,59
889,face_with_mask,5960.jpg,698,328,38,44
892,face_with_mask,5960.jpg,28,289,53,74
891,face_no_mask,5960.jpg,201,362,62,82
888,face_no_mask,5959.jpg,54,283,64,81
887,face_no_mask,5958.jpg,473,518,13,17
886,face_with_mask,5958.jpg,69,42,86,108
885,face_no_mask,5958(1).jpg,473,518,13,17
884,face_with_mask,5958(1).jpg,69,42,86,108
883,face_no_mask,5957.jpg,693,475,36,44
882,face_no_mask,5957.jpg,405,456,40,51
881,face_no_mask,5956.jpg,223,97,68,96
880,face_no_mask,5955.jpg,558,482,12,14
879,face_with_mask,5955.jpg,223,477,24,28
878,face_with_mask,5955.jpg,419,176,48,57
877,face_no_mask,5954.jpg,2,325,60,75
876,face_with_mask,5954.jpg,477,333,44,57
875,face_with_mask,5953.jpg,284,162,58,67
1854,face_with_mask,5952.png,244,280,78,99
1856,face_with_mask,5952.png,68,219,77,90
1855,face_with_mask,5952.png,359,392,65,81
1853,face_with_mask,5952.png,804,117,75,90
1857,face_with_mask,5952.png,404,161,70,87
1858,face_no_mask,5952.png,565,283,75,99
874,face_no_mask,5950.jpg,217,130,440,578
870,face_no_mask,5949.jpg,242,89,36,52
873,face_no_mask,5949.jpg,199,163,41,50
871,face_with_mask,5949.jpg,374,230,34,45
872,face_with_mask,5949.jpg,306,185,32,44
868,face_with_mask,5948.jpg,247,308,73,99
869,face_with_mask,5948.jpg,760,282,90,122
866,face_with_mask,5947.jpg,1193,405,270,355
867,face_no_mask,5947.jpg,576,151,289,383
865,face_with_mask,5946.jpg,154,98,169,215
864,face_no_mask,5945.jpg,517,97,179,220
863,face_with_mask,5944.jpg,754,152,78,106
862,face_no_mask,5944.jpg,1033,204,73,93
860,face_with_mask,5943.jpg,509,30,146,198
861,face_with_mask,5943.jpg,345,254,107,146
858,face_with_mask,5942.jpg,959,114,139,205
856,face_no_mask,5942.jpg,234,165,112,159
859,face_with_mask,5942.jpg,366,255,185,260
857,face_with_mask,5942.jpg,643,266,141,175
855,face_with_mask,5941.jpg,457,64,143,198
854,face_with_mask,5940.jpg,747,461,136,200
853,face_with_mask,5940.jpg,157,381,158,187
851,face_no_mask,5939.jpg,317,25,42,69
849,face_no_mask,5939.jpg,424,33,43,56
850,face_with_mask,5939.jpg,158,250,40,56
852,face_with_mask,5939.jpg,656,111,42,54
846,face_with_mask,5938.jpg,498,153,70,86
845,face_no_mask,5938.jpg,357,63,65,85
847,face_with_mask,5938.jpg,236,143,72,88
848,face_no_mask,5938.jpg,613,79,63,82
844,face_no_mask,5937.jpg,921,334,156,212
843,face_no_mask,5936.jpg,372,37,110,148
842,face_with_mask,5935.jpg,314,81,138,186
841,face_with_mask,5934.jpg,628,234,70,97
840,face_with_mask,5933.jpg,415,70,37,47
839,face_with_mask,5933.jpg,320,273,45,62
838,face_no_mask,5932.jpg,228,303,107,126
837,face_no_mask,5932.jpg,302,168,127,166
836,face_no_mask,5931.jpg,391,113,21,34
834,face_no_mask,5931.jpg,329,132,29,37
835,face_no_mask,5931.jpg,478,106,29,37
833,face_no_mask,5930.jpg,518,8,286,397
832,face_no_mask,5929.jpg,397,61,284,378
831,face_no_mask,5928.jpg,401,149,432,613
830,face_with_mask,5927.jpg,374,87,159,214
829,face_with_mask,5925.jpeg,1232,411,334,424
828,face_with_mask,5924.jpg,454,90,113,147
826,face_no_mask,5924.jpg,833,121,102,138
825,face_no_mask,5924.jpg,413,385,127,158
824,face_no_mask,5924.jpg,47,402,123,152
827,face_with_mask,5924.jpg,684,412,113,135
823,face_with_mask,5923.jpg,340,22,143,187
822,face_with_mask,5922.jpg,792,169,228,309
820,face_no_mask,5920.jpeg,547,345,386,475
821,face_no_mask,5920.jpeg,1613,428,420,550
817,face_no_mask,5919.jpeg,731,697,291,386
818,face_with_mask,5919.jpeg,2033,479,79,110
819,face_with_mask,5919.jpeg,1985,548,124,172
816,face_no_mask,5919.jpeg,1658,474,283,378
815,face_with_mask,5918.jpg,745,160,155,217
813,face_with_mask,5917.jpg,390,181,149,224
814,face_with_mask,5917.jpg,2,569,33,39
812,face_no_mask,5916.jpg,250,211,296,391
811,face_with_mask,5915.jpg,108,81,210,332
809,face_with_mask,5914.jpg,446,123,76,102
810,face_no_mask,5914.jpg,194,78,75,99
807,face_no_mask,5913.jpg,219,215,35,48
808,face_with_mask,5913.jpg,592,238,36,46
806,face_no_mask,5912.jpg,332,55,112,161
805,face_no_mask,5911.jpg,40,457,57,67
804,face_no_mask,5911.jpg,383,89,97,126
803,face_no_mask,5910.jpg,299,52,187,234
802,face_no_mask,5907.jpg,455,124,131,178
801,face_with_mask,5907.jpg,43,138,150,208
800,face_with_mask,5903.jpg,408,89,98,134
799,face_with_mask,5900.jpg,182,0,415,557
797,face_no_mask,5899.jpg,1169,849,30,46
796,face_no_mask,5899.jpg,663,101,172,210
798,face_no_mask,5899.jpg,1007,230,193,241
795,face_no_mask,5897.jpg,381,104,144,194
794,face_no_mask,5897.jpg,908,235,185,243
792,face_no_mask,5894.jpg,1084,177,87,121
791,face_no_mask,5894.jpg,829,80,114,151
793,face_no_mask,5894.jpg,331,87,102,127
790,face_with_mask,5892.jpg,1645,497,226,359
789,face_with_mask,5892.jpg,1090,3144,50,62
788,face_with_mask,5892.jpg,1706,1021,226,314
787,face_no_mask,5892.jpg,2848,1844,190,232
786,face_no_mask,5892.jpg,455,639,326,474
785,face_with_mask,5891.jpg,2790,1892,34,41
784,face_with_mask,5891.jpg,1707,639,260,286
782,face_with_mask,5885.jpg,694,141,89,129
783,face_no_mask,5885.jpg,247,85,83,121
781,face_no_mask,5883.jpg,241,183,534,723
780,face_with_mask,5881.jpg,222,120,162,216
779,face_with_mask,5876.jpg,103,0,542,617
776,face_with_mask,5871.jpg,289,87,88,110
778,face_with_mask,5871.jpg,41,243,107,143
777,face_with_mask,5871.jpg,517,38,96,116
775,face_no_mask,5871.jpg,587,246,67,96
774,face_with_mask,5868.jpg,548,191,90,121
772,face_with_mask,5865.jpg,282,160,197,243
773,face_with_mask,5865.jpg,5,529,70,90
771,face_with_mask,5864.jpg,412,186,192,297
770,face_with_mask,5863.jpg,730,100,105,175
768,face_no_mask,5863.jpg,1018,171,62,84
769,face_with_mask,5863.jpg,488,165,107,136
767,face_with_mask,5858.jpg,263,171,183,240
766,face_no_mask,5856.jpg,121,522,83,100
765,face_with_mask,5856.jpg,47,138,91,133
764,face_with_mask,5855.jpg,261,92,131,177
762,face_no_mask,5849.jpg,588,116,126,156
763,face_no_mask,5849.jpg,317,232,75,94
761,face_no_mask,5848.jpg,354,182,189,234
759,face_with_mask,5841.jpg,388,206,130,171
760,face_no_mask,5841.jpg,604,104,220,318
758,face_no_mask,5838.jpg,333,667,86,90
757,face_with_mask,5838.jpg,366,238,164,275
755,face_with_mask,5834.jpg,89,99,76,99
756,face_no_mask,5834.jpg,248,90,88,112
753,face_no_mask,5833.jpg,218,266,273,357
754,face_with_mask,5833.jpg,547,45,301,387
752,face_with_mask,5824.jpg,624,147,147,197
749,face_no_mask,5820.jpg,178,77,75,106
751,face_no_mask,5820.jpg,669,97,84,125
750,face_no_mask,5820.jpg,473,55,73,90
745,face_with_mask,5818.jpg,784,146,73,95
746,face_with_mask,5818.jpg,704,142,61,80
747,face_no_mask,5818.jpg,181,114,59,99
748,face_with_mask,5818.jpg,0,165,12,19
743,face_no_mask,5817.jpg,188,186,145,195
744,face_no_mask,5817.jpg,730,219,138,172
742,face_with_mask,5809.jpg,419,60,280,380
740,face_no_mask,5808.jpg,377,208,260,330
741,face_with_mask,5808.jpg,513,534,118,137
739,face_with_mask,5807.jpg,229,110,174,225
738,face_with_mask,5806.jpg,340,271,304,409
737,face_with_mask,5801.jpg,20,74,182,219
736,face_with_mask,5799.jpg,187,151,322,436
735,face_with_mask,5798.jpg,448,161,210,280
734,face_with_mask,5790.jpg,391,89,142,196
733,face_with_mask,5787.jpg,598,120,248,331
732,face_with_mask,5785.jpg,621,303,137,162
731,face_with_mask,5785.jpg,370,256,154,207
730,face_no_mask,5764.jpg,162,28,47,54
729,face_with_mask,5764.jpg,311,96,36,42
728,face_no_mask,5762.jpg,588,179,204,240
727,face_no_mask,5761.jpg,341,271,84,102
719,face_with_mask,5757.jpg,839,320,182,229
718,face_with_mask,5757.jpg,572,378,210,262
722,face_no_mask,5757.jpg,1011,293,163,229
720,face_with_mask,5757.jpg,1504,500,198,260
721,face_with_mask,5757.jpg,1335,284,174,239
726,face_with_mask,5757.jpg,504,1553,76,94
725,face_with_mask,5757.jpg,808,371,18,22
724,face_no_mask,5757.jpg,1925,505,19,22
723,face_no_mask,5757.jpg,1534,384,24,29
717,face_no_mask,5756.jpg,531,617,224,278
716,face_no_mask,5752.jpg,369,82,35,46
715,face_no_mask,5747.jpg,160,15,212,280
714,face_no_mask,5747.jpg,235,434,99,130
713,face_with_mask,5743.jpg,279,272,43,61
1852,face_with_mask,5742.jpg,454,960,24,28
712,face_with_mask,5741.jpg,581,247,74,103
710,face_with_mask,5740.jpg,215,81,46,58
711,face_with_mask,5740.jpg,358,104,32,40
708,face_with_mask,5738.jpg,711,200,85,93
709,face_no_mask,5738.jpg,311,56,153,167
707,face_no_mask,5737.jpg,747,68,119,143
705,face_with_mask,5736.jpg,189,120,66,84
704,face_with_mask,5736.jpg,351,245,166,193
706,face_with_mask,5736.jpg,594,145,84,99
703,face_no_mask,5735.jpg,356,79,94,111
702,face_with_mask,5733.jpg,485,151,135,163
701,face_with_mask,5732.jpg,153,43,37,46
700,face_with_mask,5731.jpg,582,99,71,76
699,face_no_mask,5731.jpg,811,93,75,96
697,face_with_mask,5731.jpg,454,79,79,100
698,face_no_mask,5731.jpg,77,236,47,57
693,face_no_mask,5730.jpg,429,82,29,38
695,face_with_mask,5730.jpg,187,66,24,30
696,face_no_mask,5730.jpg,542,82,30,36
694,face_no_mask,5730.jpg,643,62,32,46
692,face_with_mask,5729.jpg,842,435,268,301
690,face_with_mask,5728.jpg,159,93,92,102
691,face_with_mask,5728.jpg,577,329,18,21
688,face_no_mask,5727.jpg,339,136,178,222
689,face_no_mask,5727.jpg,655,142,183,210
687,face_no_mask,5726.jpg,662,530,103,138
686,face_with_mask,5724.jpg,285,124,139,173
684,face_with_mask,5723.jpg,242,30,66,88
685,face_with_mask,5723.jpg,442,69,60,71
683,face_with_mask,5722.jpg,585,75,97,119
682,face_with_mask,5719.jpg,319,229,185,246
681,face_with_mask,5718.jpg,1041,724,1005,1141
680,face_no_mask,5717.jpg,33,449,101,111
679,face_with_mask,5716.jpg,979,283,467,517
678,face_no_mask,5715.jpg,182,48,101,138
677,face_no_mask,5714.jpg,961,456,1019,1356
676,face_with_mask,5713.jpg,452,215,111,124
675,face_no_mask,5712.jpg,433,95,156,197
673,face_no_mask,5711.jpg,721,1174,988,1118
674,face_no_mask,5711.jpg,2191,731,691,883
672,face_no_mask,5710.jpg,697,110,374,524
671,face_with_mask,5709.jpg,210,64,80,112
670,face_with_mask,5708.jpg,505,189,198,222
669,face_no_mask,5707.jpg,212,702,1271,1666
668,face_with_mask,5706.jpg,520,143,439,498
667,face_no_mask,5705.jpg,139,60,103,127
666,face_with_mask,5704.jpg,16,906,573,676
665,face_with_mask,5704.jpg,1017,1056,411,465
664,face_with_mask,5703.jpg,542,259,306,420
663,face_with_mask,5701.jpg,131,40,163,219
662,face_no_mask,5700.jpg,1021,146,27,35
661,face_with_mask,5700.jpg,552,314,337,459
660,face_no_mask,5699.jpg,111,77,304,393
659,face_with_mask,5698.jpg,109,67,172,212
658,face_with_mask,5697.jpg,660,102,291,454
657,face_with_mask,5696.jpg,166,218,540,692
656,face_no_mask,5694.jpg,173,137,112,139
655,face_with_mask,5693.jpeg,672,209,184,246
654,face_no_mask,5692.jpg,141,120,281,358
653,face_no_mask,5691.jpg,217,151,58,77
652,face_no_mask,5690.jpg,338,34,64,86
650,face_no_mask,5689.jpg,479,35,210,275
651,face_with_mask,5689.jpg,237,184,177,238
648,face_with_mask,5688.jpg,294,66,82,125
649,face_with_mask,5688.jpg,505,587,61,80
647,face_no_mask,5687.jpg,169,109,84,110
646,face_no_mask,5686.jpg,229,329,338,436
645,face_with_mask,5685.jpg,237,45,260,322
643,face_with_mask,5684.jpg,311,58,95,140
644,face_with_mask,5684.jpg,79,158,88,99
642,face_with_mask,5684(1).jpg,79,158,88,99
641,face_with_mask,5684(1).jpg,311,58,95,140
640,face_with_mask,5683.jpg,839,266,191,287
638,face_no_mask,5682.jpg,278,279,56,62
639,face_with_mask,5682.jpg,254,201,81,102
637,face_no_mask,5681.jpg,467,106,131,179
636,face_no_mask,5680.jpg,315,140,145,191
635,face_with_mask,5678.jpg,315,159,189,257
633,face_with_mask,5677.jpg,283,73,166,223
634,face_no_mask,5677.jpg,489,15,26,33
632,face_with_mask,5676.jpg,707,445,569,681
631,face_no_mask,5675.jpg,240,1063,88,122
629,face_with_mask,5675.jpg,471,124,176,266
630,face_no_mask,5675.jpg,359,571,81,98
625,face_with_mask,5674.jpg,3151,807,628,694
626,face_with_mask,5674.jpg,1419,1279,308,410
627,face_with_mask,5674.jpg,1930,1092,358,431
628,face_with_mask,5674.jpg,2397,1260,384,515
622,face_with_mask,5673.jpg,429,280,146,174
623,face_with_mask,5673.jpg,590,66,158,202
624,face_with_mask,5673.jpg,137,91,164,209
621,face_with_mask,5672.jpg,94,155,132,186
620,face_with_mask,5672.jpg,220,65,155,214
619,face_with_mask,5671.jpg,112,183,41,56
618,face_no_mask,5671.jpg,145,116,38,51
617,face_with_mask,5670.jpg,429,355,137,178
615,face_no_mask,5669.jpg,654,280,437,584
616,face_no_mask,5669.jpg,1272,400,122,176
613,face_with_mask,5668.jpg,188,57,78,102
614,face_no_mask,5668.jpg,309,112,49,62
612,face_no_mask,5667.jpg,254,60,81,109
609,face_with_mask,5666.jpg,427,0,75,77
610,face_with_mask,5666.jpg,184,77,68,77
611,face_no_mask,5666.jpg,61,217,15,20
608,face_no_mask,5665.jpg,375,17,61,81
607,face_no_mask,5664.jpg,31,37,275,300
606,face_no_mask,5663.jpg,1107,249,305,468
605,face_with_mask,5662.jpg,277,89,108,126
604,face_with_mask,5661.jpg,230,50,110,145
603,face_with_mask,5660.jpg,529,63,169,217
602,face_with_mask,5659.jpg,456,91,275,388
601,face_no_mask,5659.jpg,695,315,223,259
1851,face_no_mask,5657.png,300,247,24,29
1850,face_no_mask,5657.png,260,93,86,107
598,face_no_mask,5656.jpg,880,188,133,174
599,face_no_mask,5656.jpg,605,68,146,190
600,face_with_mask,5656.jpg,118,275,141,175
596,face_no_mask,5655.jpg,190,74,224,278
597,face_with_mask,5655.jpg,671,40,252,306
594,face_with_mask,5654.jpg,809,342,118,146
595,face_with_mask,5654.jpg,253,257,132,164
593,face_with_mask,5653.jpg,905,394,265,432
592,face_no_mask,5653.jpg,1426,510,286,413
590,face_with_mask,5652.jpg,271,98,63,83
591,face_no_mask,5652.jpg,145,115,62,79
589,face_no_mask,5652.jpg,375,100,70,92
588,face_with_mask,5651.jpg,227,46,125,154
587,face_no_mask,5651.jpg,118,74,101,124
586,face_with_mask,5650.jpg,1570,362,348,496
585,face_no_mask,5649.jpg,298,77,121,144
584,face_no_mask,5648.jpg,242,64,241,283
583,face_with_mask,5647.jpg,448,0,114,129
582,face_no_mask,5647.jpg,397,46,139,141
581,face_no_mask,5646.jpg,425,194,418,566
579,face_with_mask,5645.jpg,427,548,154,199
580,face_no_mask,5645.jpg,848,224,200,246
578,face_no_mask,5644.jpg,378,158,36,43
577,face_no_mask,5643.jpg,271,119,701,890
576,face_no_mask,5642.jpg,293,107,40,52
575,face_with_mask,5641.jpg,168,145,167,203
574,face_with_mask,5640.jpg,611,79,147,188
573,face_no_mask,5639.jpg,220,79,129,195
572,face_with_mask,5638.jpg,199,79,194,258
570,face_no_mask,5637.jpg,305,51,108,140
571,face_no_mask,5637.jpg,207,201,103,129
569,face_no_mask,5636.jpg,369,57,246,335
568,face_no_mask,5635.jpg,273,96,130,141
566,face_with_mask,5634.jpg,149,43,60,96
567,face_with_mask,5634.jpg,395,59,38,67
565,face_no_mask,5634.jpg,537,85,40,52
564,face_no_mask,5633.jpg,221,72,149,193
561,face_with_mask,5632.jpg,301,13,83,114
563,face_no_mask,5632.jpg,613,22,91,131
562,face_no_mask,5632.jpg,909,18,92,123
560,face_with_mask,5631.jpg,92,185,579,741
558,face_with_mask,5630.jpg,220,54,230,293
559,face_with_mask,5630.jpg,474,65,212,299
557,face_no_mask,5629.jpg,563,197,117,156
556,face_with_mask,5628.jpg,1367,1329,190,204
555,face_with_mask,5628.jpg,900,189,329,412
554,face_with_mask,5627.jpg,249,84,89,130
553,face_no_mask,5627.jpg,309,181,76,102
552,face_no_mask,5625.jpg,294,156,129,146
551,face_with_mask,5623.jpg,298,121,49,70
550,face_no_mask,5622.jpg,250,58,71,89
549,face_no_mask,5621.jpg,150,69,108,145
548,face_no_mask,5620.jpg,319,63,164,217
546,face_with_mask,5619.jpg,655,47,63,72
545,face_no_mask,5619.jpg,742,54,71,84
547,face_no_mask,5619.jpg,241,367,43,63
543,face_with_mask,5619.jpg,365,61,68,82
542,face_no_mask,5619.jpg,468,57,73,94
544,face_no_mask,5619.jpg,64,52,67,84
540,face_no_mask,5618.jpg,2672,360,506,598
541,face_no_mask,5618.jpg,957,443,423,540
539,face_with_mask,5617.jpg,835,730,38,53
538,face_no_mask,5616.jpg,178,61,115,146
537,face_with_mask,5615.jpg,249,162,232,291
536,face_no_mask,5614.jpeg,223,100,185,257
535,face_no_mask,5613.jpg,235,61,154,189
533,face_with_mask,5612.jpg,216,72,94,120
534,face_with_mask,5612.jpg,480,119,85,112
532,face_no_mask,5611.jpg,193,154,93,122
531,face_with_mask,5611.jpg,1007,161,98,122
530,face_with_mask,5610.jpg,539,118,273,350
529,face_with_mask,5609.jpg,353,139,70,95
528,face_no_mask,5608.jpg,309,78,173,220
527,face_with_mask,5607.jpg,326,174,290,321
526,face_with_mask,5606.jpg,253,138,101,132
525,face_with_mask,5604.jpg,248,57,40,53
523,face_no_mask,5603.jpg,248,117,52,65
524,face_with_mask,5603.jpg,402,463,33,35
522,face_no_mask,5602.jpg,204,142,191,236
521,face_with_mask,5601.jpg,1075,1033,23,29
520,face_with_mask,5601.jpg,895,2018,17,21
519,face_no_mask,5601.jpg,1151,412,592,820
518,face_with_mask,5600.jpg,403,126,368,512
517,face_with_mask,5599.jpg,386,207,232,315
516,face_with_mask,5598.jpg,678,133,247,324
515,face_no_mask,5597.jpg,1510,239,163,191
514,face_with_mask,5596.jpg,720,148,67,88
513,face_no_mask,5595.jpg,1152,190,192,251
512,face_with_mask,5594.jpg,736,213,631,807
509,face_no_mask,5593.jpg,457,36,30,35
505,face_no_mask,5593.jpg,54,66,16,21
504,face_with_mask,5593.jpg,354,31,90,115
506,face_with_mask,5593.jpg,158,26,85,120
507,face_no_mask,5593.jpg,620,109,28,36
508,face_with_mask,5593.jpg,497,73,16,20
510,face_no_mask,5593.jpg,316,59,17,19
511,face_with_mask,5593.jpg,317,87,28,35
503,face_no_mask,5592.jpg,163,91,111,128
501,face_with_mask,5591.jpg,753,309,33,39
502,face_no_mask,5591.jpg,0,304,338,445
496,face_with_mask,5591.jpg,398,368,102,126
497,face_with_mask,5591.jpg,1438,389,49,62
498,face_no_mask,5591.jpg,600,370,91,113
499,face_with_mask,5591.jpg,794,285,113,150
500,face_no_mask,5591.jpg,1338,273,42,54
494,face_with_mask,5590.jpg,9,196,411,479
495,face_with_mask,5590.jpg,459,202,442,612
493,face_with_mask,5589.jpg,306,458,302,385
492,face_with_mask,5588.jpg,328,141,265,294
491,face_no_mask,5587.jpg,443,239,140,196
490,face_no_mask,5586.jpg,320,566,83,98
488,face_with_mask,5586.jpg,524,738,95,112
489,face_with_mask,5586.jpg,143,322,224,287
487,face_with_mask,5585.jpg,320,257,188,227
486,face_with_mask,5584.jpg,240,101,134,167
485,face_with_mask,5583.jpg,239,374,473,639
484,face_with_mask,5582.jpg,208,280,531,623
483,face_with_mask,5581.jpg,50,949,20,21
482,face_no_mask,5581.jpg,77,876,21,21
481,face_with_mask,5581.jpg,18,1034,29,34
480,face_with_mask,5581.jpg,599,1220,25,29
479,face_with_mask,5580.jpg,190,148,177,239
478,face_no_mask,5579.jpg,65,404,30,33
477,face_with_mask,5579.jpg,281,93,450,562
476,face_with_mask,5578.jpg,305,199,107,136
475,face_no_mask,5577.jpg,122,138,201,249
474,face_no_mask,5576.jpg,407,0,615,749
473,face_with_mask,5575.jpg,942,64,685,900
472,face_no_mask,5574.jpg,407,77,86,118
470,face_no_mask,5573.jpg,300,98,47,61
471,face_with_mask,5573.jpg,140,46,50,69
468,face_with_mask,5572.jpg,773,379,97,113
469,face_with_mask,5572.jpg,477,54,85,120
467,face_with_mask,5571.jpg,492,184,116,147
466,face_no_mask,5570.jpg,186,228,388,559
465,face_with_mask,5569.jpg,153,102,158,203
1849,face_with_mask,5568.png,490,33,40,53
464,face_no_mask,5567.jpg,107,90,177,228
463,face_no_mask,5566.jpg,249,157,158,197
462,face_with_mask,5565.jpg,165,59,180,200
461,face_no_mask,5564.jpeg,525,183,54,68
460,face_with_mask,5564.jpeg,277,9,122,152
459,face_no_mask,5563.jpg,151,142,188,235
458,face_with_mask,5562.jpg,824,268,682,897
457,face_with_mask,5561.jpg,446,65,215,311
456,face_with_mask,5559.jpg,538,105,165,207
455,face_with_mask,5558.jpg,197,47,149,197
454,face_no_mask,5557.jpg,1006,335,648,844
451,face_no_mask,5556.jpg,1332,478,88,130
453,face_no_mask,5556.jpg,1135,805,35,37
452,face_no_mask,5556.jpg,1014,321,81,121
449,face_no_mask,5555.jpg,769,215,115,150
450,face_with_mask,5555.jpg,827,1653,121,138
448,face_with_mask,5555.jpg,1170,650,159,196
447,face_no_mask,5555.jpg,665,659,140,166
446,face_with_mask,5554.jpg,245,65,146,173
445,face_with_mask,5553.jpg,515,1184,16,21
444,face_no_mask,5553.jpg,632,960,28,33
443,face_with_mask,5553.jpg,358,62,219,298
442,face_no_mask,5552.jpg,265,119,321,443
440,face_no_mask,5551.jpg,3195,1173,55,69
441,face_no_mask,5551.jpg,471,1538,62,83
439,face_with_mask,5551.jpg,1691,758,206,240
438,face_with_mask,5550.jpg,1164,1103,39,40
437,face_no_mask,5549.jpg,315,70,93,117
436,face_no_mask,5548.jpg,106,141,258,328
434,face_with_mask,5547.jpg,327,38,127,154
435,face_with_mask,5547.jpg,203,88,92,112
433,face_no_mask,5545.jpg,376,86,168,219
432,face_with_mask,5544.jpg,296,315,131,187
431,face_with_mask,5544.jpg,412,218,176,228
430,face_with_mask,5543.jpg,377,222,225,277
427,face_no_mask,5542.jpg,1470,611,233,273
429,face_with_mask,5542.jpg,1729,668,104,115
428,face_no_mask,5542.jpg,459,161,274,354
426,face_no_mask,5541.jpg,77,79,250,338
425,face_with_mask,5540.jpg,94,85,188,268
424,face_with_mask,5539.jpg,451,68,107,139
423,face_with_mask,5538.jpg,80,94,304,421
422,face_no_mask,5537.jpg,861,344,391,508
421,face_no_mask,5537(1).jpg,861,344,391,508
420,face_no_mask,5536.jpg,152,50,38,52
418,face_with_mask,5535.jpg,201,41,51,65
419,face_with_mask,5535.jpg,399,74,48,62
417,face_with_mask,5534.jpg,467,140,140,207
416,face_no_mask,5534.jpg,253,92,124,172
415,face_with_mask,5533.jpg,322,150,131,172
413,face_with_mask,5532.jpg,230,168,69,88
414,face_with_mask,5532.jpg,179,656,15,19
412,face_no_mask,5531.jpg,320,34,58,79
408,face_no_mask,5530.jpg,193,243,68,89
411,face_with_mask,5530.jpg,755,328,19,24
410,face_no_mask,5530.jpg,338,124,123,153
409,face_with_mask,5530.jpg,0,288,71,126
1848,face_with_mask,5529.png,198,126,174,200
1847,face_with_mask,5529.png,391,153,181,217
407,face_no_mask,5528.jpg,320,166,61,75
406,face_no_mask,5528.jpg,559,64,72,94
405,face_with_mask,5527.jpg,301,77,72,92
404,face_no_mask,5526.jpg,305,70,64,79
402,face_with_mask,5525.jpg,270,67,153,218
403,face_no_mask,5525.jpg,73,112,108,132
401,face_no_mask,5524.jpg,180,144,140,202
400,face_with_mask,5523.jpg,301,77,154,183
399,face_with_mask,5522.jpeg,488,85,80,97
398,face_no_mask,5521.jpg,167,56,272,308
397,face_with_mask,5520.jpg,555,249,415,547
396,face_with_mask,5519.jpg,306,88,69,93
395,face_with_mask,5518.jpg,257,118,83,111
394,face_no_mask,5517.jpg,108,111,202,243
393,face_with_mask,5516.jpeg,422,312,524,675
392,face_no_mask,5515.jpg,249,343,382,449
391,face_with_mask,5514.jpg,1011,215,409,522
389,face_no_mask,5513.jpg,2995,2751,122,142
387,face_with_mask,5513.jpg,742,827,998,1317
390,face_with_mask,5513.jpg,1236,3027,72,89
388,face_with_mask,5513.jpg,2292,651,1434,1780
383,face_no_mask,5512.jpg,747,81,224,281
386,face_no_mask,5512.jpg,454,613,24,28
385,face_with_mask,5512.jpg,113,280,187,276
384,face_no_mask,5512.jpg,482,355,156,190
382,face_no_mask,5511.jpg,334,50,185,256
381,face_no_mask,5510.jpeg,1965,944,1419,1869
380,face_with_mask,5509.jpg,419,20,57,74
379,face_no_mask,5508.jpg,239,286,407,519
378,face_no_mask,5507.jpg,70,154,264,322
377,face_no_mask,5506.jpg,426,111,249,357
375,face_no_mask,5505.jpg,243,23,138,174
376,face_with_mask,5505.jpg,433,147,217,253
374,face_no_mask,5504.jpg,282,74,205,284
372,face_with_mask,5502.jpg,133,142,118,156
373,face_no_mask,5502.jpg,208,26,25,33
371,face_with_mask,5500.jpg,783,453,70,97
367,face_with_mask,5499.jpg,2130,311,214,285
368,face_with_mask,5499.jpg,1262,194,52,56
369,face_with_mask,5499.jpg,1961,89,61,71
370,face_with_mask,5499.jpg,1927,360,35,40
366,face_with_mask,5498.jpg,299,170,233,319
365,face_with_mask,5497.jpg,170,97,52,62
364,face_no_mask,5496.jpg,278,96,71,92
362,face_with_mask,5494.jpg,322,218,131,167
363,face_no_mask,5494.jpg,3,349,13,15
361,face_with_mask,5492.jpg,436,149,301,312
360,face_with_mask,5491.jpg,1277,520,1864,2058
359,face_no_mask,5489.jpg,252,51,125,164
357,face_no_mask,5487.jpg,701,351,56,64
358,face_with_mask,5487.jpg,440,229,282,316
356,face_with_mask,5486.jpg,192,28,252,295
355,face_with_mask,5485.jpg,82,181,469,652
353,face_no_mask,5484.jpg,745,354,123,166
354,face_with_mask,5484.jpg,330,99,232,299
351,face_with_mask,5483.jpg,457,100,32,40
352,face_with_mask,5483.jpg,222,57,52,61
1846,face_with_mask,5480.jpg,221,198,356,386
350,face_no_mask,5479.jpg,347,0,398,495
349,face_no_mask,5478.jpg,353,186,323,363
344,face_with_mask,5476.jpg,417,137,92,115
348,face_no_mask,5476.jpg,255,286,70,89
347,face_no_mask,5476.jpg,556,271,79,98
346,face_no_mask,5476.jpg,179,216,76,93
345,face_with_mask,5476.jpg,91,223,76,92
343,face_with_mask,5475.jpg,739,225,282,364
342,face_no_mask,5474.jpg,469,1026,1293,1669
341,face_with_mask,5473.jpg,511,200,239,274
340,face_with_mask,5472.jpg,278,85,124,152
338,face_with_mask,5471.jpg,407,45,191,216
339,face_no_mask,5471.jpg,171,118,144,159
337,face_with_mask,5470.jpg,265,48,125,145
336,face_with_mask,5469.jpg,123,354,211,315
335,face_with_mask,5468.jpg,306,146,289,371
334,face_with_mask,5467.jpg,206,58,126,166
333,face_with_mask,5466.jpg,162,451,148,181
332,face_with_mask,5465.jpg,668,61,582,712
331,face_with_mask,5464.jpg,581,0,669,862
330,face_with_mask,5463.jpg,533,140,686,805
327,face_no_mask,5462.jpg,221,83,57,83
328,face_no_mask,5462.jpg,501,125,50,67
329,face_no_mask,5462.jpg,849,315,51,67
326,face_no_mask,5461.jpeg,212,80,142,195
325,face_with_mask,5460.jpeg,184,137,274,365
324,face_with_mask,5459.jpeg,140,190,314,419
323,face_no_mask,5458.jpeg,143,128,287,403
322,face_no_mask,5457.jpeg,269,108,103,191
319,face_with_mask,5456.jpg,1515,559,476,627
320,face_with_mask,5456.jpg,716,492,586,696
321,face_no_mask,5456.jpg,598,363,56,68
317,face_no_mask,5455.jpg,604,216,387,519
318,face_with_mask,5455.jpg,1408,575,342,442
314,face_no_mask,5454.jpg,315,260,134,186
315,face_no_mask,5454.jpg,540,508,65,70
316,face_with_mask,5454.jpg,652,594,39,49
312,face_no_mask,5454(1).jpg,540,508,65,70
313,face_with_mask,5454(1).jpg,652,594,39,49
311,face_no_mask,5454(1).jpg,315,260,134,186
310,face_with_mask,5453.jpg,165,277,434,585
1845,face_with_mask,5452.jpg,492,998,46,62
1844,face_with_mask,5452.jpg,735,217,457,593
309,face_no_mask,5451.jpg,838,170,293,334
308,face_with_mask,5450.jpg,411,169,33,40
307,face_no_mask,5449.jpg,429,215,173,214
306,face_with_mask,5448.jpg,401,336,495,573
305,face_with_mask,5447.jpg,92,106,427,568
304,face_no_mask,5444.jpg,306,182,236,262
303,face_with_mask,5438.jpg,293,306,292,315
301,face_no_mask,5437.jpg,386,136,77,95
302,face_no_mask,5437.jpg,571,159,72,92
299,face_no_mask,5434.jpg,230,233,346,457
300,face_no_mask,5434.jpg,648,658,43,47
298,face_with_mask,5432.jpg,639,198,149,202
297,face_no_mask,5432.jpg,269,153,145,182
296,face_with_mask,5429.jpg,155,189,456,503
292,face_with_mask,5428.jpg,366,184,215,264
294,face_with_mask,5428.jpg,856,304,13,18
295,face_no_mask,5428.jpg,599,734,17,22
293,face_no_mask,5428.jpg,847,245,13,18
291,face_with_mask,5426.jpg,267,259,331,431
290,face_no_mask,5425.jpg,167,245,242,317
289,face_no_mask,5424.jpg,190,255,206,273
288,face_no_mask,5423.jpg,191,231,234,294
1843,face_with_mask,5422.jpg,320,330,114,133
287,face_with_mask,5421.jpg,9,130,262,320
286,face_with_mask,5420.jpg,398,198,157,175
285,face_with_mask,5419.jpg,157,246,455,524
284,face_no_mask,5418.jpg,153,125,247,359
283,face_with_mask,5417.jpg,159,302,114,131
282,face_no_mask,5416.jpg,192,57,187,231
281,face_with_mask,5414.jpg,216,445,270,352
280,face_no_mask,5412.jpg,806,194,118,156
279,face_no_mask,5411.jpg,424,121,159,234
278,face_no_mask,5410.jpg,224,372,341,437
277,face_with_mask,5409.jpg,318,93,168,216
275,face_with_mask,5408.jpg,348,87,146,179
276,face_with_mask,5408.jpg,283,590,106,129
274,face_no_mask,5407.jpg,219,202,289,421
273,face_with_mask,5406.jpg,294,291,202,258
272,face_with_mask,5405.jpg,316,436,110,116
271,face_no_mask,5404.jpg,923,828,187,238
270,face_no_mask,5403.jpg,129,50,367,513
269,face_with_mask,5402.jpg,216,189,190,235
268,face_with_mask,5401.jpg,980,961,180,226
267,face_with_mask,5399.jpg,222,81,127,176
264,face_with_mask,5398.jpg,411,283,71,96
265,face_no_mask,5398.jpg,519,324,80,99
266,face_with_mask,5398.jpg,697,338,71,79
262,face_no_mask,5397.jpg,616,272,617,678
263,face_with_mask,5397.jpg,649,2358,37,36
260,face_with_mask,5395.jpg,573,488,60,86
261,face_with_mask,5395.jpg,159,548,83,104
259,face_with_mask,5394.jpg,346,168,298,392
258,face_with_mask,5393.jpg,470,222,296,376
257,face_no_mask,5393.jpg,0,174,291,389
256,face_no_mask,5392.jpg,274,41,151,201
255,face_no_mask,5391.jpg,216,164,376,487
254,face_with_mask,5390.jpg,203,103,400,673
253,face_with_mask,5389.jpg,244,116,160,221
252,face_with_mask,5388.jpg,300,20,397,452
251,face_with_mask,5387.jpg,805,484,334,400
250,face_with_mask,5387.jpg,793,732,24,31
249,face_with_mask,5387.jpg,1623,769,40,52
248,face_with_mask,5387.jpg,853,346,254,295
247,face_no_mask,5386.jpg,673,332,665,790
246,face_no_mask,5385.jpg,439,105,84,107
245,face_with_mask,5384.jpg,83,0,467,532
243,face_with_mask,5382.jpg,201,447,114,137
244,face_no_mask,5382.jpg,537,126,172,230
242,face_no_mask,5381.jpg,60,173,256,327
241,face_with_mask,5380.jpg,319,243,341,471
240,face_no_mask,5379.jpg,621,158,76,140
239,face_no_mask,5378.jpg,718,245,35,41
237,face_no_mask,5378.jpg,444,125,137,159
238,face_no_mask,5378.jpg,906,326,24,32
236,face_with_mask,5377.jpg,597,13,853,1092
235,face_with_mask,5374.jpg,52,110,520,681
234,face_no_mask,5373.jpg,405,209,296,334
233,face_with_mask,5372.jpg,824,263,237,268
232,face_no_mask,5371.jpg,1786,1472,168,201
230,face_with_mask,5371.jpg,398,231,541,623
231,face_with_mask,5371.jpg,1382,1046,349,418
229,face_with_mask,5370.jpg,427,174,237,281
228,face_with_mask,5369.jpeg,295,161,132,144
227,face_with_mask,5368.jpg,85,211,145,200
225,face_no_mask,5368.jpg,252,165,371,489
226,face_with_mask,5368.jpg,581,310,186,265
224,face_with_mask,5367.jpg,392,393,199,256
222,face_with_mask,5366.jpg,374,99,210,270
223,face_no_mask,5366.jpg,799,266,36,51
1842,face_with_mask,5365.jpg,120,0,253,277
221,face_with_mask,5363.jpg,210,28,255,291
220,face_with_mask,5362.jpg,143,94,148,223
219,face_with_mask,5361.jpg,247,66,155,192
216,face_with_mask,5360.jpg,274,318,84,102
217,face_with_mask,5360.jpg,253,442,72,99
218,face_no_mask,5360.jpg,260,891,26,30
215,face_no_mask,5359.jpg,379,175,128,160
213,face_no_mask,5359.jpg,92,71,47,61
214,face_with_mask,5359.jpg,577,142,161,200
212,face_no_mask,5357.jpg,597,363,19,26
211,face_with_mask,5357.jpg,286,219,63,82
210,face_with_mask,5356.jpg,906,207,189,241
209,face_no_mask,5355.jpg,177,247,281,383
1841,face_with_mask,5354.jpg,286,350,17,23
207,face_with_mask,5353.jpg,98,89,210,294
208,face_no_mask,5353.jpg,50,272,50,64
206,face_no_mask,5352.jpg,93,208,427,541
205,face_with_mask,5351.jpg,156,124,538,708
204,face_with_mask,5350.jpg,71,115,123,168
203,face_no_mask,5349.jpg,135,60,48,66
202,face_no_mask,5348.jpg,581,1771,47,53
201,face_no_mask,5348.jpg,1010,1143,97,117
200,face_with_mask,5348.jpg,1410,754,245,302
199,face_with_mask,5347.jpg,399,0,601,652
198,face_with_mask,5346.jpg,283,144,187,224
196,face_no_mask,5345.jpg,246,119,59,79
195,face_with_mask,5345.jpg,698,231,160,213
197,face_with_mask,5345.jpg,506,145,32,49
194,face_with_mask,5344.jpg,812,69,139,153
193,face_no_mask,5344.jpg,559,140,254,334
192,face_with_mask,5343.jpg,628,202,811,1053
191,face_no_mask,5342.jpg,79,636,45,58
190,face_no_mask,5342.jpg,375,63,48,54
189,face_with_mask,5341.jpg,321,15,130,144
188,face_with_mask,5339.jpg,223,97,41,53
187,face_no_mask,5338.jpg,251,76,65,90
186,face_with_mask,5337.jpg,403,303,17,20
185,face_no_mask,5337.jpg,175,76,60,66
184,face_with_mask,5335.jpg,475,193,44,58
183,face_with_mask,5335.jpg,137,86,59,69
182,face_no_mask,5334.jpg,304,85,81,107
181,face_no_mask,5333.jpg,396,171,86,110
180,face_no_mask,5332.jpg,153,203,333,397
179,face_no_mask,5332(1).jpg,153,203,333,397
178,face_with_mask,5331.jpg,429,190,183,233
177,face_with_mask,5329.jpg,116,64,450,618
175,face_no_mask,5328.jpg,50,103,106,134
176,face_no_mask,5328.jpg,477,105,132,174
174,face_no_mask,5327.jpg,447,120,196,242
173,face_with_mask,5326.jpg,150,135,263,338
172,face_with_mask,5325.jpg,147,110,264,341
170,face_no_mask,5324.jpg,54,276,33,43
171,face_with_mask,5324.jpg,153,40,150,171
169,face_with_mask,5323.jpg,504,200,102,119
168,face_with_mask,5322.jpg,290,91,302,391
167,face_with_mask,5320.jpg,371,221,66,76
166,face_with_mask,5319.jpg,344,325,144,191
1840,face_no_mask,5318.jpg,391,492,25,30
165,face_with_mask,5316.jpg,404,368,265,323
164,face_no_mask,5315.jpg,403,74,226,316
163,face_no_mask,5314.jpg,235,50,236,300
161,face_no_mask,5313.jpeg,527,141,251,319
162,face_with_mask,5313.jpeg,922,419,191,215
160,face_with_mask,5310.jpg,369,41,100,125
159,face_no_mask,5309.jpg,454,251,75,91
158,face_no_mask,5308.jpg,963,266,368,476
157,face_with_mask,5307.jpg,291,71,134,173
155,face_with_mask,5306.jpg,422,264,106,144
156,face_no_mask,5306.jpg,247,203,143,177
153,face_with_mask,5305.jpg,483,117,78,104
152,face_with_mask,5305.jpg,660,189,40,52
151,face_no_mask,5305.jpg,188,122,103,136
154,face_with_mask,5305.jpg,631,169,34,45
150,face_no_mask,5304.jpg,759,904,519,660
149,face_no_mask,5303.jpg,211,223,376,477
148,face_with_mask,5302.jpg,38,0,337,391
146,face_no_mask,5301.jpeg,847,718,382,504
147,face_with_mask,5301.jpeg,1622,745,359,500
142,face_with_mask,5300.jpeg,1486,372,25,30
143,face_with_mask,5300.jpeg,1384,1425,22,25
144,face_no_mask,5300.jpeg,2237,435,25,28
145,face_with_mask,5300.jpeg,586,504,27,36
141,face_with_mask,5299.jpg,448,193,73,95
136,face_no_mask,5298.jpg,434,518,160,188
137,face_no_mask,5298.jpg,184,414,128,170
140,face_no_mask,5298.jpg,620,77,78,103
139,face_no_mask,5298.jpg,540,273,116,143
138,face_no_mask,5298.jpg,317,32,86,120
135,face_with_mask,5297.jpg,123,275,122,158
133,face_with_mask,5297.jpg,240,251,132,163
134,face_no_mask,5297.jpg,488,93,187,215
130,face_with_mask,5296.jpg,587,118,83,109
131,face_with_mask,5296.jpg,377,89,76,95
132,face_no_mask,5296.jpg,659,228,18,22
129,face_with_mask,5295.jpg,687,187,249,327
128,face_with_mask,5294.jpg,242,326,325,398
127,face_with_mask,5293.jpg,253,46,94,119
125,face_no_mask,5292.jpg,364,129,56,56
126,face_no_mask,5292.jpg,644,474,12,13
124,face_with_mask,5292.jpg,266,66,101,116
123,face_no_mask,5291.jpg,318,183,384,444
122,face_with_mask,5290.jpg,608,250,121,150
1839,face_no_mask,5289.jpg,748,503,26,33
121,face_with_mask,5288.jpg,340,166,174,230
120,face_no_mask,5287.jpg,261,81,155,187
119,face_with_mask,5286.jpg,265,155,251,329
118,face_no_mask,5285.jpg,233,150,324,396
117,face_with_mask,5284.jpg,236,150,184,252
116,face_with_mask,5283.jpg,310,242,168,209
115,face_no_mask,5282.jpg,492,97,46,57
113,face_with_mask,5281.jpg,422,159,240,303
114,face_with_mask,5281.jpg,426,451,26,34
111,face_no_mask,5280.jpg,385,60,74,88
112,face_no_mask,5280.jpg,709,293,62,80
110,face_no_mask,5279.jpg,522,214,58,66
109,face_with_mask,5279.jpg,149,113,98,118
108,face_with_mask,5279.jpg,389,217,62,81
107,face_with_mask,5278.jpg,348,64,264,313
106,face_with_mask,5276.jpg,357,173,268,307
105,face_with_mask,5275.jpg,471,52,232,305
104,face_with_mask,5274.jpg,334,324,416,551
103,face_no_mask,5273.jpg,302,326,367,505
102,face_with_mask,5272.jpg,94,66,124,156
101,face_with_mask,5271.jpg,437,180,196,226
100,face_no_mask,5270.jpg,227,46,41,53
99,face_with_mask,5269.jpg,271,122,66,88
98,face_with_mask,5268.jpg,347,130,71,93
97,face_no_mask,5267.jpg,357,164,163,216
96,face_with_mask,5266.jpg,161,38,155,182
94,face_with_mask,5265.jpg,1807,31,24,28
95,face_with_mask,5265.jpg,856,260,78,90
93,face_with_mask,5264.jpg,1690,568,104,117
88,face_with_mask,5263.jpg,1160,654,83,89
92,face_with_mask,5263.jpg,65,513,20,30
91,face_no_mask,5263.jpg,162,501,23,35
90,face_with_mask,5263.jpg,925,626,63,80
89,face_no_mask,5263.jpg,1787,270,82,101
87,face_with_mask,5263.jpg,747,439,39,49
86,face_with_mask,5262.jpg,395,159,161,183
85,face_with_mask,5260.jpg,341,215,107,116
84,face_no_mask,5259.jpg,773,71,709,1057
83,face_with_mask,5258.jpg,853,135,283,394
82,face_no_mask,5257.jpg,848,148,697,859
81,face_with_mask,5256.jpg,796,422,1075,1432
80,face_no_mask,5255.jpg,1731,708,1916,2174
79,face_with_mask,5254.jpg,904,252,868,1186
78,face_with_mask,5253.jpg,608,235,465,591
77,face_no_mask,5252.jpg,904,133,541,774
76,face_with_mask,5251.jpg,387,70,60,83
75,face_no_mask,5250.jpg,335,400,1072,1447
74,face_with_mask,5249.jpg,459,0,1649,1835
73,face_with_mask,5248.jpg,152,58,177,245
72,face_with_mask,5247.jpg,369,68,146,203
69,face_with_mask,5246.jpg,13,248,38,54
70,face_no_mask,5246.jpg,360,244,34,47
68,face_with_mask,5246.jpg,134,166,121,139
71,face_with_mask,5246.jpg,296,247,31,43
1838,face_no_mask,5245.jpg,441,247,48,60
67,face_no_mask,5244.jpg,506,131,42,52
66,face_with_mask,5244.jpg,163,111,60,78
65,face_with_mask,5243.jpg,1692,490,1552,1929
64,face_with_mask,5242.jpg,1370,255,321,464
63,face_with_mask,5241.jpg,254,119,109,138
60,face_no_mask,5237.jpg,493,321,59,111
59,face_with_mask,5237.jpg,59,377,52,87
62,face_with_mask,5237.jpg,855,291,109,133
61,face_with_mask,5237.jpg,845,567,18,23
58,face_no_mask,5235.jpg,56,123,229,289
57,face_no_mask,5235.jpg,293,185,224,288
56,face_no_mask,5234.jpg,225,238,330,437
55,face_with_mask,5233.jpg,680,362,714,972
54,face_with_mask,5232.jpg,552,57,127,193
53,face_with_mask,5232.jpg,232,139,107,145
51,face_with_mask,5230.jpg,409,86,124,161
52,face_with_mask,5230.jpg,1034,168,129,157
49,face_with_mask,5229.jpg,285,208,28,36
50,face_with_mask,5229.jpg,231,165,29,40
48,face_with_mask,5228.jpeg,124,112,78,85
47,face_no_mask,5227.jpg,345,109,64,96
44,face_with_mask,5227.jpg,304,115,69,91
45,face_with_mask,5227.jpg,453,219,52,65
46,face_with_mask,5227.jpg,189,35,44,63
42,face_with_mask,5226.jpg,856,214,44,54
43,face_with_mask,5226.jpg,908,136,28,34
40,face_no_mask,5225.jpg,814,246,321,435
41,face_with_mask,5225.jpg,1365,320,46,58
39,face_with_mask,5224.jpg,1190,545,1095,1253
38,face_with_mask,5224(1).jpg,1190,545,1095,1253
37,face_with_mask,5223.jpg,167,394,427,557
36,face_with_mask,5222.jpg,203,1058,847,1132
35,face_with_mask,5221.jpeg,312,231,221,298
34,face_with_mask,5219.jpg,330,61,31,35
33,face_with_mask,5219.jpg,322,186,29,33
32,face_with_mask,5218.jpg,314,112,87,113
31,face_no_mask,5217.jpg,1423,1351,456,559
30,face_with_mask,5216.jpg,13,177,206,242
29,face_no_mask,5216.jpg,310,361,146,209
28,face_with_mask,5215.jpg,318,42,91,113
27,face_no_mask,5214.jpg,1050,253,2946,4009
26,face_with_mask,5213.jpg,1262,186,163,224
25,face_no_mask,5212.jpg,291,2606,37,44
24,face_no_mask,5211.jpg,188,63,63,73
1837,face_no_mask,5210.jpg,1877,1244,44,51
23,face_no_mask,5209.jpg,1584,757,267,344
22,face_with_mask,5208.jpg,1979,947,723,888
21,face_no_mask,5206.jpg,3577,919,697,873
20,face_no_mask,5205.jpg,321,73,99,119
19,face_no_mask,5203.jpg,2495,1136,950,1177
18,face_with_mask,5202.jpg,335,111,155,181
17,face_with_mask,5201.jpg,2972,514,26,38
16,face_no_mask,5201.jpg,3625,1095,231,287
15,face_with_mask,5200.jpg,375,204,98,113
13,face_no_mask,5199.jpg,2070,517,451,575
14,face_no_mask,5199.jpg,1075,1203,450,535
12,face_with_mask,5198.jpg,3105,1006,130,166
11,face_no_mask,5197.jpg,2119,3300,585,705
10,face_with_mask,5195.jpg,2417,697,537,699
9,face_with_mask,5194.jpg,525,69,189,241
8,face_with_mask,5193.jpg,3520,438,1025,1205
7,face_with_mask,5192.jpg,2004,1140,1151,1473
6,face_no_mask,5191.jpg,1727,605,231,300
5,face_with_mask,5190.jpg,1594,553,657,821
4,face_with_mask,5189.jpg,1623,1255,651,942
3,face_with_mask,5188.jpg,2608,893,524,645
2,face_no_mask,5187.jpg,3049,3788,26,28
1,face_with_mask,5187.jpg,2391,443,544,742
0,face_with_mask,5186.jpg,1621,241,2772,3446
